areaCode,areaName,areaType,date,newCasesBySpecimenDate
E92000001,England,nation,2022-04-28,5814
E92000001,England,nation,2022-04-27,9330
E92000001,England,nation,2022-04-26,10920
E92000001,England,nation,2022-04-25,13256
E92000001,England,nation,2022-04-24,11820
E92000001,England,nation,2022-04-23,10518
E92000001,England,nation,2022-04-22,12474
E92000001,England,nation,2022-04-21,14446
E92000001,England,nation,2022-04-20,16904
E92000001,England,nation,2022-04-19,20547
E92000001,England,nation,2022-04-18,20495
E92000001,England,nation,2022-04-17,16234
E92000001,England,nation,2022-04-16,16063
E92000001,England,nation,2022-04-15,17267
E92000001,England,nation,2022-04-14,21371
E92000001,England,nation,2022-04-13,25439
E92000001,England,nation,2022-04-12,27278
E92000001,England,nation,2022-04-11,30527
E92000001,England,nation,2022-04-10,25578
E92000001,England,nation,2022-04-09,22960
E92000001,England,nation,2022-04-08,27291
E92000001,England,nation,2022-04-07,31642
E92000001,England,nation,2022-04-06,36802
E92000001,England,nation,2022-04-05,40331
E92000001,England,nation,2022-04-04,45139
E92000001,England,nation,2022-04-03,35582
E92000001,England,nation,2022-04-02,31580
E92000001,England,nation,2022-04-01,40324
E92000001,England,nation,2022-03-31,45823
E92000001,England,nation,2022-03-30,62718
E92000001,England,nation,2022-03-29,67396
E92000001,England,nation,2022-03-28,78868
E92000001,England,nation,2022-03-27,57958
E92000001,England,nation,2022-03-26,51752
E92000001,England,nation,2022-03-25,60254
E92000001,England,nation,2022-03-24,68567
E92000001,England,nation,2022-03-23,77558
E92000001,England,nation,2022-03-22,81792
E92000001,England,nation,2022-03-21,89903
E92000001,England,nation,2022-03-20,66898
E92000001,England,nation,2022-03-19,55176
E92000001,England,nation,2022-03-18,61867
E92000001,England,nation,2022-03-17,67628
E92000001,England,nation,2022-03-16,73935
E92000001,England,nation,2022-03-15,74013
E92000001,England,nation,2022-03-14,79492
E92000001,England,nation,2022-03-13,60216
E92000001,England,nation,2022-03-12,49098
E92000001,England,nation,2022-03-11,52231
E92000001,England,nation,2022-03-10,54249
E92000001,England,nation,2022-03-09,55433
E92000001,England,nation,2022-03-08,52295
E92000001,England,nation,2022-03-07,50965
E92000001,England,nation,2022-03-06,35877
E92000001,England,nation,2022-03-05,28468
E92000001,England,nation,2022-03-04,30556
E92000001,England,nation,2022-03-03,31484
E92000001,England,nation,2022-03-02,33321
E92000001,England,nation,2022-03-01,31809
E92000001,England,nation,2022-02-28,31820
E92000001,England,nation,2022-02-27,22153
E92000001,England,nation,2022-02-26,17589
E92000001,England,nation,2022-02-25,19511
E92000001,England,nation,2022-02-24,21839
E92000001,England,nation,2022-02-23,25976
E92000001,England,nation,2022-02-22,27947
E92000001,England,nation,2022-02-21,32995
E92000001,England,nation,2022-02-20,28358
E92000001,England,nation,2022-02-19,26425
E92000001,England,nation,2022-02-18,24903
E92000001,England,nation,2022-02-17,34123
E92000001,England,nation,2022-02-16,39394
E92000001,England,nation,2022-02-15,40098
E92000001,England,nation,2022-02-14,42414
E92000001,England,nation,2022-02-13,32294
E92000001,England,nation,2022-02-12,29016
E92000001,England,nation,2022-02-11,34908
E92000001,England,nation,2022-02-10,41292
E92000001,England,nation,2022-02-09,50946
E92000001,England,nation,2022-02-08,55388
E92000001,England,nation,2022-02-07,62636
E92000001,England,nation,2022-02-06,50114
E92000001,England,nation,2022-02-05,43202
E92000001,England,nation,2022-02-04,52455
E92000001,England,nation,2022-02-03,63958
E92000001,England,nation,2022-02-02,73870
E92000001,England,nation,2022-02-01,78298
E92000001,England,nation,2022-01-31,88345
E92000001,England,nation,2022-01-30,74798
E92000001,England,nation,2022-01-29,62981
E92000001,England,nation,2022-01-28,71649
E92000001,England,nation,2022-01-27,82666
E92000001,England,nation,2022-01-26,93180
E92000001,England,nation,2022-01-25,96879
E92000001,England,nation,2022-01-24,109123
E92000001,England,nation,2022-01-23,88506
E92000001,England,nation,2022-01-22,70400
E92000001,England,nation,2022-01-21,78955
E92000001,England,nation,2022-01-20,86866
E92000001,England,nation,2022-01-19,97226
E92000001,England,nation,2022-01-18,103128
E92000001,England,nation,2022-01-17,114644
E92000001,England,nation,2022-01-16,85511
E92000001,England,nation,2022-01-15,67756
E92000001,England,nation,2022-01-14,75094
E92000001,England,nation,2022-01-13,84043
E92000001,England,nation,2022-01-12,89926
E92000001,England,nation,2022-01-11,100915
E92000001,England,nation,2022-01-10,116064
E92000001,England,nation,2022-01-09,83002
E92000001,England,nation,2022-01-08,81169
E92000001,England,nation,2022-01-07,105036
E92000001,England,nation,2022-01-06,150698
E92000001,England,nation,2022-01-05,183724
E92000001,England,nation,2022-01-04,234827
E92000001,England,nation,2022-01-03,193545
E92000001,England,nation,2022-01-02,148559
E92000001,England,nation,2022-01-01,99203
E92000001,England,nation,2021-12-31,152830
E92000001,England,nation,2021-12-30,192786
E92000001,England,nation,2021-12-29,223978
E92000001,England,nation,2021-12-28,170540
E92000001,England,nation,2021-12-27,155531
E92000001,England,nation,2021-12-26,98889
E92000001,England,nation,2021-12-25,59904
E92000001,England,nation,2021-12-24,117553
E92000001,England,nation,2021-12-23,137011
E92000001,England,nation,2021-12-22,138113
E92000001,England,nation,2021-12-21,129574
E92000001,England,nation,2021-12-20,117555
E92000001,England,nation,2021-12-19,78490
E92000001,England,nation,2021-12-18,78924
E92000001,England,nation,2021-12-17,84936
E92000001,England,nation,2021-12-16,93784
E92000001,England,nation,2021-12-15,99625
E92000001,England,nation,2021-12-14,90680
E92000001,England,nation,2021-12-13,76489
E92000001,England,nation,2021-12-12,46348
E92000001,England,nation,2021-12-11,41935
E92000001,England,nation,2021-12-10,45002
E92000001,England,nation,2021-12-09,48802
E92000001,England,nation,2021-12-08,50021
E92000001,England,nation,2021-12-07,48117
E92000001,England,nation,2021-12-06,51093
E92000001,England,nation,2021-12-05,35000
E92000001,England,nation,2021-12-04,33375
E92000001,England,nation,2021-12-03,39214
E92000001,England,nation,2021-12-02,43029
E92000001,England,nation,2021-12-01,47252
E92000001,England,nation,2021-11-30,47622
E92000001,England,nation,2021-11-29,47933
E92000001,England,nation,2021-11-28,33843
E92000001,England,nation,2021-11-27,28446
E92000001,England,nation,2021-11-26,33660
E92000001,England,nation,2021-11-25,37127
E92000001,England,nation,2021-11-24,39868
E92000001,England,nation,2021-11-23,41000
E92000001,England,nation,2021-11-22,42857
E92000001,England,nation,2021-11-21,31756
E92000001,England,nation,2021-11-20,29859
E92000001,England,nation,2021-11-19,33167
E92000001,England,nation,2021-11-18,37087
E92000001,England,nation,2021-11-17,38250
E92000001,England,nation,2021-11-16,38644
E92000001,England,nation,2021-11-15,42474
E92000001,England,nation,2021-11-14,29572
E92000001,England,nation,2021-11-13,27352
E92000001,England,nation,2021-11-12,31331
E92000001,England,nation,2021-11-11,33686
E92000001,England,nation,2021-11-10,35374
E92000001,England,nation,2021-11-09,34670
E92000001,England,nation,2021-11-08,36134
E92000001,England,nation,2021-11-07,25443
E92000001,England,nation,2021-11-06,22575
E92000001,England,nation,2021-11-05,24400
E92000001,England,nation,2021-11-04,27369
E92000001,England,nation,2021-11-03,29382
E92000001,England,nation,2021-11-02,31315
E92000001,England,nation,2021-11-01,37656
E92000001,England,nation,2021-10-31,29544
E92000001,England,nation,2021-10-30,28230
E92000001,England,nation,2021-10-29,33985
E92000001,England,nation,2021-10-28,35060
E92000001,England,nation,2021-10-27,36514
E92000001,England,nation,2021-10-26,35260
E92000001,England,nation,2021-10-25,39939
E92000001,England,nation,2021-10-24,30084
E92000001,England,nation,2021-10-23,29740
E92000001,England,nation,2021-10-22,34500
E92000001,England,nation,2021-10-21,38580
E92000001,England,nation,2021-10-20,43952
E92000001,England,nation,2021-10-19,44612
E92000001,England,nation,2021-10-18,49242
E92000001,England,nation,2021-10-17,37496
E92000001,England,nation,2021-10-16,31633
E92000001,England,nation,2021-10-15,36616
E92000001,England,nation,2021-10-14,39255
E92000001,England,nation,2021-10-13,40537
E92000001,England,nation,2021-10-12,40869
E92000001,England,nation,2021-10-11,43096
E92000001,England,nation,2021-10-10,31487
E92000001,England,nation,2021-10-09,27170
E92000001,England,nation,2021-10-08,29833
E92000001,England,nation,2021-10-07,32155
E92000001,England,nation,2021-10-06,32538
E92000001,England,nation,2021-10-05,32253
E92000001,England,nation,2021-10-04,36469
E92000001,England,nation,2021-10-03,27130
E92000001,England,nation,2021-10-02,21866
E92000001,England,nation,2021-10-01,24126
E92000001,England,nation,2021-09-30,26791
E92000001,England,nation,2021-09-29,28671
E92000001,England,nation,2021-09-28,29620
E92000001,England,nation,2021-09-27,34585
E92000001,England,nation,2021-09-26,26795
E92000001,England,nation,2021-09-25,23382
E92000001,England,nation,2021-09-24,25742
E92000001,England,nation,2021-09-23,28326
E92000001,England,nation,2021-09-22,28781
E92000001,England,nation,2021-09-21,30534
E92000001,England,nation,2021-09-20,32109
E92000001,England,nation,2021-09-19,24788
E92000001,England,nation,2021-09-18,20920
E92000001,England,nation,2021-09-17,22360
E92000001,England,nation,2021-09-16,22158
E92000001,England,nation,2021-09-15,22375
E92000001,England,nation,2021-09-14,22623
E92000001,England,nation,2021-09-13,25192
E92000001,England,nation,2021-09-12,17872
E92000001,England,nation,2021-09-11,16954
E92000001,England,nation,2021-09-10,21019
E92000001,England,nation,2021-09-09,24430
E92000001,England,nation,2021-09-08,25649
E92000001,England,nation,2021-09-07,27928
E92000001,England,nation,2021-09-06,33121
E92000001,England,nation,2021-09-05,23453
E92000001,England,nation,2021-09-04,23402
E92000001,England,nation,2021-09-03,28723
E92000001,England,nation,2021-09-02,30618
E92000001,England,nation,2021-09-01,31583
E92000001,England,nation,2021-08-31,33557
E92000001,England,nation,2021-08-30,24954
E92000001,England,nation,2021-08-29,19147
E92000001,England,nation,2021-08-28,20129
E92000001,England,nation,2021-08-27,24242
E92000001,England,nation,2021-08-26,26476
E92000001,England,nation,2021-08-25,27892
E92000001,England,nation,2021-08-24,28201
E92000001,England,nation,2021-08-23,30328
E92000001,England,nation,2021-08-22,22393
E92000001,England,nation,2021-08-21,22584
E92000001,England,nation,2021-08-20,25547
E92000001,England,nation,2021-08-19,29063
E92000001,England,nation,2021-08-18,31422
E92000001,England,nation,2021-08-17,31084
E92000001,England,nation,2021-08-16,30849
E92000001,England,nation,2021-08-15,21274
E92000001,England,nation,2021-08-14,21336
E92000001,England,nation,2021-08-13,24986
E92000001,England,nation,2021-08-12,27686
E92000001,England,nation,2021-08-11,29131
E92000001,England,nation,2021-08-10,27606
E92000001,England,nation,2021-08-09,28287
E92000001,England,nation,2021-08-08,20154
E92000001,England,nation,2021-08-07,19983
E92000001,England,nation,2021-08-06,24872
E92000001,England,nation,2021-08-05,28126
E92000001,England,nation,2021-08-04,28894
E92000001,England,nation,2021-08-03,27034
E92000001,England,nation,2021-08-02,26574
E92000001,England,nation,2021-08-01,18628
E92000001,England,nation,2021-07-31,18448
E92000001,England,nation,2021-07-30,22105
E92000001,England,nation,2021-07-29,25358
E92000001,England,nation,2021-07-28,26923
E92000001,England,nation,2021-07-27,26019
E92000001,England,nation,2021-07-26,26537
E92000001,England,nation,2021-07-25,19642
E92000001,England,nation,2021-07-24,20272
E92000001,England,nation,2021-07-23,24533
E92000001,England,nation,2021-07-22,27707
E92000001,England,nation,2021-07-21,31663
E92000001,England,nation,2021-07-20,35940
E92000001,England,nation,2021-07-19,43387
E92000001,England,nation,2021-07-18,33162
E92000001,England,nation,2021-07-17,35278
E92000001,England,nation,2021-07-16,51136
E92000001,England,nation,2021-07-15,57579
E92000001,England,nation,2021-07-14,50317
E92000001,England,nation,2021-07-13,43243
E92000001,England,nation,2021-07-12,40471
E92000001,England,nation,2021-07-11,27417
E92000001,England,nation,2021-07-10,25405
E92000001,England,nation,2021-07-09,29045
E92000001,England,nation,2021-07-08,29908
E92000001,England,nation,2021-07-07,34270
E92000001,England,nation,2021-07-06,31607
E92000001,England,nation,2021-07-05,30193
E92000001,England,nation,2021-07-04,21791
E92000001,England,nation,2021-07-03,20635
E92000001,England,nation,2021-07-02,22288
E92000001,England,nation,2021-07-01,24267
E92000001,England,nation,2021-06-30,23940
E92000001,England,nation,2021-06-29,23250
E92000001,England,nation,2021-06-28,23511
E92000001,England,nation,2021-06-27,15407
E92000001,England,nation,2021-06-26,13485
E92000001,England,nation,2021-06-25,14901
E92000001,England,nation,2021-06-24,15082
E92000001,England,nation,2021-06-23,14805
E92000001,England,nation,2021-06-22,13564
E92000001,England,nation,2021-06-21,12706
E92000001,England,nation,2021-06-20,8203
E92000001,England,nation,2021-06-19,7125
E92000001,England,nation,2021-06-18,8772
E92000001,England,nation,2021-06-17,9523
E92000001,England,nation,2021-06-16,9410
E92000001,England,nation,2021-06-15,9149
E92000001,England,nation,2021-06-14,8941
E92000001,England,nation,2021-06-13,6075
E92000001,England,nation,2021-06-12,5422
E92000001,England,nation,2021-06-11,6510
E92000001,England,nation,2021-06-10,6717
E92000001,England,nation,2021-06-09,6918
E92000001,England,nation,2021-06-08,6630
E92000001,England,nation,2021-06-07,6790
E92000001,England,nation,2021-06-06,4729
E92000001,England,nation,2021-06-05,3964
E92000001,England,nation,2021-06-04,4885
E92000001,England,nation,2021-06-03,5129
E92000001,England,nation,2021-06-02,5039
E92000001,England,nation,2021-06-01,4515
E92000001,England,nation,2021-05-31,3170
E92000001,England,nation,2021-05-30,2598
E92000001,England,nation,2021-05-29,2461
E92000001,England,nation,2021-05-28,2929
E92000001,England,nation,2021-05-27,3075
E92000001,England,nation,2021-05-26,3178
E92000001,England,nation,2021-05-25,2797
E92000001,England,nation,2021-05-24,2749
E92000001,England,nation,2021-05-23,1918
E92000001,England,nation,2021-05-22,1606
E92000001,England,nation,2021-05-21,1870
E92000001,England,nation,2021-05-20,2000
E92000001,England,nation,2021-05-19,2260
E92000001,England,nation,2021-05-18,2241
E92000001,England,nation,2021-05-17,2341
E92000001,England,nation,2021-05-16,1586
E92000001,England,nation,2021-05-15,1304
E92000001,England,nation,2021-05-14,1538
E92000001,England,nation,2021-05-13,1737
E92000001,England,nation,2021-05-12,1869
E92000001,England,nation,2021-05-11,1871
E92000001,England,nation,2021-05-10,2324
E92000001,England,nation,2021-05-09,1985
E92000001,England,nation,2021-05-08,1298
E92000001,England,nation,2021-05-07,1656
E92000001,England,nation,2021-05-06,1966
E92000001,England,nation,2021-05-05,2202
E92000001,England,nation,2021-05-04,2197
E92000001,England,nation,2021-05-03,1806
E92000001,England,nation,2021-05-02,1305
E92000001,England,nation,2021-05-01,1209
E92000001,England,nation,2021-04-30,1528
E92000001,England,nation,2021-04-29,1901
E92000001,England,nation,2021-04-28,2153
E92000001,England,nation,2021-04-27,1808
E92000001,England,nation,2021-04-26,2268
E92000001,England,nation,2021-04-25,1897
E92000001,England,nation,2021-04-24,1300
E92000001,England,nation,2021-04-23,1701
E92000001,England,nation,2021-04-22,2032
E92000001,England,nation,2021-04-21,2299
E92000001,England,nation,2021-04-20,2112
E92000001,England,nation,2021-04-19,2268
E92000001,England,nation,2021-04-18,2281
E92000001,England,nation,2021-04-17,1397
E92000001,England,nation,2021-04-16,1963
E92000001,England,nation,2021-04-15,1958
E92000001,England,nation,2021-04-14,2068
E92000001,England,nation,2021-04-13,2060
E92000001,England,nation,2021-04-12,2396
E92000001,England,nation,2021-04-11,2020
E92000001,England,nation,2021-04-10,2009
E92000001,England,nation,2021-04-09,2481
E92000001,England,nation,2021-04-08,2651
E92000001,England,nation,2021-04-07,2752
E92000001,England,nation,2021-04-06,2755
E92000001,England,nation,2021-04-05,2314
E92000001,England,nation,2021-04-04,2042
E92000001,England,nation,2021-04-03,2119
E92000001,England,nation,2021-04-02,2248
E92000001,England,nation,2021-04-01,3067
E92000001,England,nation,2021-03-31,3341
E92000001,England,nation,2021-03-30,3135
E92000001,England,nation,2021-03-29,3422
E92000001,England,nation,2021-03-28,4476
E92000001,England,nation,2021-03-27,3136
E92000001,England,nation,2021-03-26,3803
E92000001,England,nation,2021-03-25,4674
E92000001,England,nation,2021-03-24,5319
E92000001,England,nation,2021-03-23,4563
E92000001,England,nation,2021-03-22,5399
E92000001,England,nation,2021-03-21,4677
E92000001,England,nation,2021-03-20,3513
E92000001,England,nation,2021-03-19,4329
E92000001,England,nation,2021-03-18,4680
E92000001,England,nation,2021-03-17,5046
E92000001,England,nation,2021-03-16,4919
E92000001,England,nation,2021-03-15,5637
E92000001,England,nation,2021-03-14,3707
E92000001,England,nation,2021-03-13,3590
E92000001,England,nation,2021-03-12,4766
E92000001,England,nation,2021-03-11,4848
E92000001,England,nation,2021-03-10,5223
E92000001,England,nation,2021-03-09,5487
E92000001,England,nation,2021-03-08,5818
E92000001,England,nation,2021-03-07,3677
E92000001,England,nation,2021-03-06,3832
E92000001,England,nation,2021-03-05,4728
E92000001,England,nation,2021-03-04,5011
E92000001,England,nation,2021-03-03,5305
E92000001,England,nation,2021-03-02,5951
E92000001,England,nation,2021-03-01,6214
E92000001,England,nation,2021-02-28,4112
E92000001,England,nation,2021-02-27,4254
E92000001,England,nation,2021-02-26,5884
E92000001,England,nation,2021-02-25,6935
E92000001,England,nation,2021-02-24,7619
E92000001,England,nation,2021-02-23,8535
E92000001,England,nation,2021-02-22,10277
E92000001,England,nation,2021-02-21,7032
E92000001,England,nation,2021-02-20,7160
E92000001,England,nation,2021-02-19,9246
E92000001,England,nation,2021-02-18,10304
E92000001,England,nation,2021-02-17,10419
E92000001,England,nation,2021-02-16,11270
E92000001,England,nation,2021-02-15,12953
E92000001,England,nation,2021-02-14,7780
E92000001,England,nation,2021-02-13,8024
E92000001,England,nation,2021-02-12,10986
E92000001,England,nation,2021-02-11,11637
E92000001,England,nation,2021-02-10,12272
E92000001,England,nation,2021-02-09,12696
E92000001,England,nation,2021-02-08,14369
E92000001,England,nation,2021-02-07,10457
E92000001,England,nation,2021-02-06,10951
E92000001,England,nation,2021-02-05,14462
E92000001,England,nation,2021-02-04,16716
E92000001,England,nation,2021-02-03,17948
E92000001,England,nation,2021-02-02,18196
E92000001,England,nation,2021-02-01,20764
E92000001,England,nation,2021-01-31,14138
E92000001,England,nation,2021-01-30,15524
E92000001,England,nation,2021-01-29,20362
E92000001,England,nation,2021-01-28,22522
E92000001,England,nation,2021-01-27,23899
E92000001,England,nation,2021-01-26,25210
E92000001,England,nation,2021-01-25,27971
E92000001,England,nation,2021-01-24,15883
E92000001,England,nation,2021-01-23,20425
E92000001,England,nation,2021-01-22,27741
E92000001,England,nation,2021-01-21,29632
E92000001,England,nation,2021-01-20,32678
E92000001,England,nation,2021-01-19,37055
E92000001,England,nation,2021-01-18,41934
E92000001,England,nation,2021-01-17,26976
E92000001,England,nation,2021-01-16,28410
E92000001,England,nation,2021-01-15,37877
E92000001,England,nation,2021-01-14,39659
E92000001,England,nation,2021-01-13,42300
E92000001,England,nation,2021-01-12,45968
E92000001,England,nation,2021-01-11,53518
E92000001,England,nation,2021-01-10,33749
E92000001,England,nation,2021-01-09,36419
E92000001,England,nation,2021-01-08,43492
E92000001,England,nation,2021-01-07,48132
E92000001,England,nation,2021-01-06,52751
E92000001,England,nation,2021-01-05,59597
E92000001,England,nation,2021-01-04,70918
E92000001,England,nation,2021-01-03,50661
E92000001,England,nation,2021-01-02,55428
E92000001,England,nation,2021-01-01,28879
E92000001,England,nation,2020-12-31,47822
E92000001,England,nation,2020-12-30,64243
E92000001,England,nation,2020-12-29,74056
E92000001,England,nation,2020-12-28,40844
E92000001,England,nation,2020-12-27,43249
E92000001,England,nation,2020-12-26,37461
E92000001,England,nation,2020-12-25,12926
E92000001,England,nation,2020-12-24,29286
E92000001,England,nation,2020-12-23,38383
E92000001,England,nation,2020-12-22,41741
E92000001,England,nation,2020-12-21,43446
E92000001,England,nation,2020-12-20,29554
E92000001,England,nation,2020-12-19,22195
E92000001,England,nation,2020-12-18,32424
E92000001,England,nation,2020-12-17,30162
E92000001,England,nation,2020-12-16,30661
E92000001,England,nation,2020-12-15,29688
E92000001,England,nation,2020-12-14,30043
E92000001,England,nation,2020-12-13,18422
E92000001,England,nation,2020-12-12,16272
E92000001,England,nation,2020-12-11,20212
E92000001,England,nation,2020-12-10,18861
E92000001,England,nation,2020-12-09,17772
E92000001,England,nation,2020-12-08,16969
E92000001,England,nation,2020-12-07,17722
E92000001,England,nation,2020-12-06,11070
E92000001,England,nation,2020-12-05,10326
E92000001,England,nation,2020-12-04,13097
E92000001,England,nation,2020-12-03,12828
E92000001,England,nation,2020-12-02,13734
E92000001,England,nation,2020-12-01,13792
E92000001,England,nation,2020-11-30,15295
E92000001,England,nation,2020-11-29,9090
E92000001,England,nation,2020-11-28,9366
E92000001,England,nation,2020-11-27,12502
E92000001,England,nation,2020-11-26,12515
E92000001,England,nation,2020-11-25,14199
E92000001,England,nation,2020-11-24,14291
E92000001,England,nation,2020-11-23,16530
E92000001,England,nation,2020-11-22,10234
E92000001,England,nation,2020-11-21,10829
E92000001,England,nation,2020-11-20,14994
E92000001,England,nation,2020-11-19,15830
E92000001,England,nation,2020-11-18,18587
E92000001,England,nation,2020-11-17,20720
E92000001,England,nation,2020-11-16,24190
E92000001,England,nation,2020-11-15,14447
E92000001,England,nation,2020-11-14,16325
E92000001,England,nation,2020-11-13,22058
E92000001,England,nation,2020-11-12,22370
E92000001,England,nation,2020-11-11,25100
E92000001,England,nation,2020-11-10,24875
E92000001,England,nation,2020-11-09,28606
E92000001,England,nation,2020-11-08,18280
E92000001,England,nation,2020-11-07,16906
E92000001,England,nation,2020-11-06,21234
E92000001,England,nation,2020-11-05,21245
E92000001,England,nation,2020-11-04,21081
E92000001,England,nation,2020-11-03,22736
E92000001,England,nation,2020-11-02,28472
E92000001,England,nation,2020-11-01,13642
E92000001,England,nation,2020-10-31,14594
E92000001,England,nation,2020-10-30,19905
E92000001,England,nation,2020-10-29,20292
E92000001,England,nation,2020-10-28,20553
E92000001,England,nation,2020-10-27,20771
E92000001,England,nation,2020-10-26,23033
E92000001,England,nation,2020-10-25,13363
E92000001,England,nation,2020-10-24,13743
E92000001,England,nation,2020-10-23,18379
E92000001,England,nation,2020-10-22,19888
E92000001,England,nation,2020-10-21,21833
E92000001,England,nation,2020-10-20,21705
E92000001,England,nation,2020-10-19,22423
E92000001,England,nation,2020-10-18,12001
E92000001,England,nation,2020-10-17,12493
E92000001,England,nation,2020-10-16,14784
E92000001,England,nation,2020-10-15,15461
E92000001,England,nation,2020-10-14,16659
E92000001,England,nation,2020-10-13,15679
E92000001,England,nation,2020-10-12,16459
E92000001,England,nation,2020-10-11,9792
E92000001,England,nation,2020-10-10,10305
E92000001,England,nation,2020-10-09,13169
E92000001,England,nation,2020-10-08,15454
E92000001,England,nation,2020-10-07,15420
E92000001,England,nation,2020-10-06,14458
E92000001,England,nation,2020-10-05,14220
E92000001,England,nation,2020-10-04,9967
E92000001,England,nation,2020-10-03,9820
E92000001,England,nation,2020-10-02,11719
E92000001,England,nation,2020-10-01,11445
E92000001,England,nation,2020-09-30,10663
E92000001,England,nation,2020-09-29,8833
E92000001,England,nation,2020-09-28,8641
E92000001,England,nation,2020-09-27,6084
E92000001,England,nation,2020-09-26,5703
E92000001,England,nation,2020-09-25,6105
E92000001,England,nation,2020-09-24,6361
E92000001,England,nation,2020-09-23,5933
E92000001,England,nation,2020-09-22,5400
E92000001,England,nation,2020-09-21,4727
E92000001,England,nation,2020-09-20,4652
E92000001,England,nation,2020-09-19,4215
E92000001,England,nation,2020-09-18,4290
E92000001,England,nation,2020-09-17,3979
E92000001,England,nation,2020-09-16,3778
E92000001,England,nation,2020-09-15,3057
E92000001,England,nation,2020-09-14,2941
E92000001,England,nation,2020-09-13,1722
E92000001,England,nation,2020-09-12,2224
E92000001,England,nation,2020-09-11,2893
E92000001,England,nation,2020-09-10,3143
E92000001,England,nation,2020-09-09,2893
E92000001,England,nation,2020-09-08,3071
E92000001,England,nation,2020-09-07,3530
E92000001,England,nation,2020-09-06,2079
E92000001,England,nation,2020-09-05,2200
E92000001,England,nation,2020-09-04,2637
E92000001,England,nation,2020-09-03,2716
E92000001,England,nation,2020-09-02,2696
E92000001,England,nation,2020-09-01,1962
E92000001,England,nation,2020-08-31,1279
E92000001,England,nation,2020-08-30,987
E92000001,England,nation,2020-08-29,1051
E92000001,England,nation,2020-08-28,1395
E92000001,England,nation,2020-08-27,1356
E92000001,England,nation,2020-08-26,1181
E92000001,England,nation,2020-08-25,1085
E92000001,England,nation,2020-08-24,1157
E92000001,England,nation,2020-08-23,704
E92000001,England,nation,2020-08-22,732
E92000001,England,nation,2020-08-21,1031
E92000001,England,nation,2020-08-20,1254
E92000001,England,nation,2020-08-19,1109
E92000001,England,nation,2020-08-18,955
E92000001,England,nation,2020-08-17,1159
E92000001,England,nation,2020-08-16,534
E92000001,England,nation,2020-08-15,656
E92000001,England,nation,2020-08-14,1059
E92000001,England,nation,2020-08-13,1036
E92000001,England,nation,2020-08-12,1126
E92000001,England,nation,2020-08-11,1247
E92000001,England,nation,2020-08-10,1375
E92000001,England,nation,2020-08-09,569
E92000001,England,nation,2020-08-08,648
E92000001,England,nation,2020-08-07,892
E92000001,England,nation,2020-08-06,1005
E92000001,England,nation,2020-08-05,974
E92000001,England,nation,2020-08-04,964
E92000001,England,nation,2020-08-03,963
E92000001,England,nation,2020-08-02,518
E92000001,England,nation,2020-08-01,508
E92000001,England,nation,2020-07-31,644
E92000001,England,nation,2020-07-30,879
E92000001,England,nation,2020-07-29,994
E92000001,England,nation,2020-07-28,796
E92000001,England,nation,2020-07-27,824
E92000001,England,nation,2020-07-26,518
E92000001,England,nation,2020-07-25,499
E92000001,England,nation,2020-07-24,720
E92000001,England,nation,2020-07-23,741
E92000001,England,nation,2020-07-22,764
E92000001,England,nation,2020-07-21,697
E92000001,England,nation,2020-07-20,769
E92000001,England,nation,2020-07-19,419
E92000001,England,nation,2020-07-18,473
E92000001,England,nation,2020-07-17,548
E92000001,England,nation,2020-07-16,644
E92000001,England,nation,2020-07-15,726
E92000001,England,nation,2020-07-14,661
E92000001,England,nation,2020-07-13,694
E92000001,England,nation,2020-07-12,351
E92000001,England,nation,2020-07-11,433
E92000001,England,nation,2020-07-10,524
E92000001,England,nation,2020-07-09,688
E92000001,England,nation,2020-07-08,682
E92000001,England,nation,2020-07-07,564
E92000001,England,nation,2020-07-06,664
E92000001,England,nation,2020-07-05,544
E92000001,England,nation,2020-07-04,385
E92000001,England,nation,2020-07-03,536
E92000001,England,nation,2020-07-02,561
E92000001,England,nation,2020-07-01,607
E92000001,England,nation,2020-06-30,578
E92000001,England,nation,2020-06-29,666
E92000001,England,nation,2020-06-28,413
E92000001,England,nation,2020-06-27,506
E92000001,England,nation,2020-06-26,640
E92000001,England,nation,2020-06-25,643
E92000001,England,nation,2020-06-24,732
E92000001,England,nation,2020-06-23,727
E92000001,England,nation,2020-06-22,821
E92000001,England,nation,2020-06-21,550
E92000001,England,nation,2020-06-20,626
E92000001,England,nation,2020-06-19,818
E92000001,England,nation,2020-06-18,938
E92000001,England,nation,2020-06-17,914
E92000001,England,nation,2020-06-16,996
E92000001,England,nation,2020-06-15,944
E92000001,England,nation,2020-06-14,752
E92000001,England,nation,2020-06-13,785
E92000001,England,nation,2020-06-12,938
E92000001,England,nation,2020-06-11,915
E92000001,England,nation,2020-06-10,1086
E92000001,England,nation,2020-06-09,1066
E92000001,England,nation,2020-06-08,990
E92000001,England,nation,2020-06-07,668
E92000001,England,nation,2020-06-06,723
E92000001,England,nation,2020-06-05,1020
E92000001,England,nation,2020-06-04,1147
E92000001,England,nation,2020-06-03,1251
E92000001,England,nation,2020-06-02,1365
E92000001,England,nation,2020-06-01,1318
E92000001,England,nation,2020-05-31,984
E92000001,England,nation,2020-05-30,1010
E92000001,England,nation,2020-05-29,1374
E92000001,England,nation,2020-05-28,1575
E92000001,England,nation,2020-05-27,1616
E92000001,England,nation,2020-05-26,1461
E92000001,England,nation,2020-05-25,1389
E92000001,England,nation,2020-05-24,1206
E92000001,England,nation,2020-05-23,1309
E92000001,England,nation,2020-05-22,1798
E92000001,England,nation,2020-05-21,2277
E92000001,England,nation,2020-05-20,2359
E92000001,England,nation,2020-05-19,2602
E92000001,England,nation,2020-05-18,2226
E92000001,England,nation,2020-05-17,1593
E92000001,England,nation,2020-05-16,1781
E92000001,England,nation,2020-05-15,2145
E92000001,England,nation,2020-05-14,2222
E92000001,England,nation,2020-05-13,2899
E92000001,England,nation,2020-05-12,2940
E92000001,England,nation,2020-05-11,3088
E92000001,England,nation,2020-05-10,2013
E92000001,England,nation,2020-05-09,1797
E92000001,England,nation,2020-05-08,2622
E92000001,England,nation,2020-05-07,3205
E92000001,England,nation,2020-05-06,3264
E92000001,England,nation,2020-05-05,3148
E92000001,England,nation,2020-05-04,2851
E92000001,England,nation,2020-05-03,2648
E92000001,England,nation,2020-05-02,2762
E92000001,England,nation,2020-05-01,4109
E92000001,England,nation,2020-04-30,4314
E92000001,England,nation,2020-04-29,4737
E92000001,England,nation,2020-04-28,4114
E92000001,England,nation,2020-04-27,4056
E92000001,England,nation,2020-04-26,3137
E92000001,England,nation,2020-04-25,3381
E92000001,England,nation,2020-04-24,4352
E92000001,England,nation,2020-04-23,4575
E92000001,England,nation,2020-04-22,4812
E92000001,England,nation,2020-04-21,3995
E92000001,England,nation,2020-04-20,3698
E92000001,England,nation,2020-04-19,3494
E92000001,England,nation,2020-04-18,4141
E92000001,England,nation,2020-04-17,4088
E92000001,England,nation,2020-04-16,4360
E92000001,England,nation,2020-04-15,4240
E92000001,England,nation,2020-04-14,3568
E92000001,England,nation,2020-04-13,3463
E92000001,England,nation,2020-04-12,2958
E92000001,England,nation,2020-04-11,3085
E92000001,England,nation,2020-04-10,3590
E92000001,England,nation,2020-04-09,4076
E92000001,England,nation,2020-04-08,4315
E92000001,England,nation,2020-04-07,4605
E92000001,England,nation,2020-04-06,4407
E92000001,England,nation,2020-04-05,3094
E92000001,England,nation,2020-04-04,3405
E92000001,England,nation,2020-04-03,4101
E92000001,England,nation,2020-04-02,4097
E92000001,England,nation,2020-04-01,4150
E92000001,England,nation,2020-03-31,3816
E92000001,England,nation,2020-03-30,3514
E92000001,England,nation,2020-03-29,2449
E92000001,England,nation,2020-03-28,2379
E92000001,England,nation,2020-03-27,2672
E92000001,England,nation,2020-03-26,2633
E92000001,England,nation,2020-03-25,2284
E92000001,England,nation,2020-03-24,2042
E92000001,England,nation,2020-03-23,2011
E92000001,England,nation,2020-03-22,1214
E92000001,England,nation,2020-03-21,1038
E92000001,England,nation,2020-03-20,1095
E92000001,England,nation,2020-03-19,934
E92000001,England,nation,2020-03-18,911
E92000001,England,nation,2020-03-17,683
E92000001,England,nation,2020-03-16,552
E92000001,England,nation,2020-03-15,398
E92000001,England,nation,2020-03-14,315
E92000001,England,nation,2020-03-13,401
E92000001,England,nation,2020-03-12,421
E92000001,England,nation,2020-03-11,358
E92000001,England,nation,2020-03-10,229
E92000001,England,nation,2020-03-09,127
E92000001,England,nation,2020-03-08,50
E92000001,England,nation,2020-03-07,55
E92000001,England,nation,2020-03-06,74
E92000001,England,nation,2020-03-05,46
E92000001,England,nation,2020-03-04,49
E92000001,England,nation,2020-03-03,52
E92000001,England,nation,2020-03-02,40
E92000001,England,nation,2020-03-01,18
E92000001,England,nation,2020-02-29,4
E92000001,England,nation,2020-02-28,11
E92000001,England,nation,2020-02-27,7
E92000001,England,nation,2020-02-26,1
E92000001,England,nation,2020-02-25,3
E92000001,England,nation,2020-02-24,2
E92000001,England,nation,2020-02-23,6
E92000001,England,nation,2020-02-22,0
E92000001,England,nation,2020-02-21,2
E92000001,England,nation,2020-02-20,0
E92000001,England,nation,2020-02-19,0
E92000001,England,nation,2020-02-18,0
E92000001,England,nation,2020-02-17,1
E92000001,England,nation,2020-02-16,0
E92000001,England,nation,2020-02-15,0
E92000001,England,nation,2020-02-14,0
E92000001,England,nation,2020-02-13,1
E92000001,England,nation,2020-02-12,1
E92000001,England,nation,2020-02-11,4
E92000001,England,nation,2020-02-10,1
E92000001,England,nation,2020-02-09,1
E92000001,England,nation,2020-02-08,3
E92000001,England,nation,2020-02-07,0
E92000001,England,nation,2020-02-06,0
E92000001,England,nation,2020-02-05,1
E92000001,England,nation,2020-02-04,0
E92000001,England,nation,2020-02-03,19
E92000001,England,nation,2020-02-02,1
E92000001,England,nation,2020-02-01,0
E92000001,England,nation,2020-01-31,0
E92000001,England,nation,2020-01-30,1
