date,tx_pos,tx_incid,TO,R,rea,hosp,rad,dchosp,incid_rea,incid_hosp,incid_rad,incid_dchosp,conf,conf_j1,pos,esms_dc,dc_tot,pos_7j,cv_dose1,esms_cas
2020-03-18,,,0.152431791221827,,771,2972,816,218,,,,,,,,,,,,
2020-03-19,,,0.221826809015421,,1002,4073,1180,327,438,2229,519,155,,,,,,,,
2020-03-20,,,0.256425464610518,,1297,5226,1587,450,242,1256,317,83,,,,,,,,
2020-03-21,,,0.301502570185844,,1453,5900,1811,525,298,1540,368,115,,,,,,,,
2020-03-22,,,0.345195729537367,,1674,6954,2117,632,309,1534,315,124,,,,,,,,
2020-03-23,,,0.411229735073151,,2080,8673,2567,860,448,2053,377,189,,,,,,,,
2020-03-24,,,0.494859628311586,,2503,10163,3281,1100,571,2618,743,244,,,,,,,,
2020-03-25,,,0.580268880980625,,2935,12072,4085,1388,607,3166,834,293,,,,,,,,
2020-03-26,,,0.662514827995255,,3351,13879,4947,1696,612,3097,888,318,,,,,,,,
2020-03-27,,,0.74298141557928,,3758,15701,5698,1995,608,3059,814,307,32964,,,,,,,
2020-03-28,,,0.837485172004745,,4236,17580,6624,2314,695,3353,969,326,37575,4611,,,,,,
2020-03-29,,,0.907868722815342,,4592,19311,7131,2606,543,2685,543,295,40174,2599,,,,,,
2020-03-30,,,0.999604586793199,,5056,20946,7923,3024,694,3108,861,423,44550,4376,,,,,,
2020-03-31,,,1.08659549228944,,5496,22672,9443,3523,767,4146,1589,526,52128,7578,,,,,,
2020-04-01,,,1.17437722419929,,5940,24543,10934,4032,771,4281,1647,516,56989,4861,,,,,,
2020-04-02,,,1.24654013444049,,6305,26131,12427,4503,728,3845,1577,524,59105,2116,,,,,,
2020-04-03,,,1.29616449189403,,6556,27302,14007,5091,640,3627,1655,606,64338,5233,,1416,6507,,,
2020-04-04,,,1.32918149466192,,6723,28003,15437,5532,502,2822,1495,448,68605,4267,,2028,7560,,,
2020-04-05,,,1.3560695927244,,6859,28747,16182,5889,390,1931,773,361,70478,1873,,2189,8078,,,
2020-04-06,,,1.37366548042705,,6948,29569,17249,6494,478,2754,1133,613,74390,3912,,2417,8911,,,
2020-04-07,,,1.38473705021748,,7004,29871,19336,7091,518,3277,2161,607,78167,3777,,3237,10328,,,
2020-04-08,,,1.38770264926849,,7019,30217,21253,7632,482,3139,2022,562,82048,3881,,3237,10869,,,
2020-04-09,,,1.37149070778964,,6937,30608,23205,8044,369,2990,2032,424,86334,4286,,4166,12210,,,
2020-04-10,,,1.35923289837881,,6875,31108,24931,8598,431,3161,1967,578,90676,4342,,4599,13197,,,
2020-04-11,,,1.33491498616054,,6752,31159,26390,8943,255,2044,1527,353,93790,3114,,4889,13832,,,
2020-04-12,,,1.32740213523132,,6714,31665,27185,9253,220,1688,825,315,95403,1613,,5140,14393,,,
2020-04-13,,,1.3226571767497,,6690,31952,27717,9588,227,1257,551,343,98076,2673,,5379,14967,,,
2020-04-14,,,1.30466587584025,,6599,32131,28804,10129,275,1965,1125,559,103573,5497,,5600,15729,,,
2020-04-15,,,1.2516805061289,,6331,31623,30952,10643,284,2415,2224,524,106206,2633,,6524,17167,,,
2020-04-16,,,1.213720838276,,6139,31172,32806,11053,270,2084,1925,435,108847,2641,,6860,17913,,,
2020-04-17,,,1.17081850533808,,5922,31061,34414,11470,242,2166,1720,428,109252,405,,7203,18673,,,
2020-04-18,,,1.13345195729537,,5733,30515,35977,11834,206,1565,1605,368,111821,2569,,7481,19315,,,
2020-04-19,,,1.11585606959272,,5644,30486,36572,12061,137,890,622,231,112606,785,,7649,19710,,,
2020-04-20,,,1.10399367338869,,5584,30462,37403,12505,208,1464,933,450,114657,2051,,7752,20257,,,
2020-04-21,,,1.05456702253855,,5334,29984,39175,12892,190,1885,1875,404,117324,2667,,7896,20788,,,
2020-04-22,,,1.01364175563464,,5127,29627,40651,13225,183,1619,1587,349,119151,1827,,8104,21329,,,
2020-04-23,,,0.98200869909055,,4967,29113,42082,13536,178,1410,1531,320,120804,1653,,8309,21845,,,
2020-04-24,,,0.946026097271649,,4785,28554,43486,13841,155,1346,1464,312,122577,1773,,8393,22234,,,
2020-04-25,,,0.917556346381969,,4641,28119,44587,14039,124,999,1166,207,124114,1537,,8564,22603,,,
2020-04-26,,,0.909054962435745,,4598,28114,44896,14191,79,481,318,152,124575,461,,8654,22845,,,
2020-04-27,,,0.894820086990906,,4526,27954,45506,14486,125,964,736,300,125770,1195,,8796,23282,,,
2020-04-28,,,0.851522340846184,,4392,27607,46322,14676,153,1321,1491,328,127290,1520,,8850,23526,,,
2020-04-29,,,0.816132858837485,,4128,26736,48221,15041,110,1070,1430,251,128442,1152,,9034,24075,,,
2020-04-30,,,0.780347963621985,,3947,26192,49469,15231,121,1048,1327,207,129581,1139,,9132,24363,,,
2020-05-01,,,0.755041518386714,,3819,25809,50204,15350,73,668,862,138,130185,604,,9225,24575,,,
2020-05-02,,,0.745353894820087,,3770,25751,50554,15468,64,453,381,120,130979,794,,9273,24741,,,
2020-05-03,,,0.743772241992883,,3762,25739,50776,15564,80,345,245,101,131287,308,,9312,24876,,,
2020-05-04,,,0.719454329774614,,3639,25472,51363,15807,84,689,619,245,131863,576,,9375,25182,,,
2020-05-05,,,0.667259786476868,,3375,24701,52728,16041,111,987,1435,244,132967,1104,,9471,25512,,,
2020-05-06,,,0.611901937524713,,3095,23912,53963,16218,69,833,1298,181,137150,4183,,9572,25790,,,
2020-05-07,,,0.575523922499012,,2911,23139,55018,16367,99,728,1291,159,137779,629,,9601,25968,,,
2020-05-08,,,0.557532621589561,,2820,22657,55773,16478,89,510,817,118,138421,642,,9733,26211,,,
2020-05-09,,,0.54646105179913,,2764,22547,56029,16554,38,265,274,77,138854,433,,9737,26291,,,
2020-05-10,,,0.53934361407671,,2728,22502,56208,16623,38,253,212,70,139063,209,,9738,26361,,,
2020-05-11,,,0.527085804665876,,2666,22219,56715,16801,82,523,560,184,139519,456,,9823,26624,,,
2020-05-12,,,0.493475682087782,,2496,21530,57776,16984,92,670,1118,194,140227,708,,9988,26972,,,
2020-05-13,,,0.47153024911032,,2385,21009,58664,17082,69,543,943,105,140734,507,901,9973,27055,,,
2020-05-14,,,0.446026097271649,,2256,20401,59596,17205,52,542,970,126,141356,622,1013,10201,27406,,,
2020-05-15,,,0.427441676551997,,2162,19801,60439,17323,64,438,892,120,141919,563,1046,10187,27510,,,
2020-05-16,,,0.413404507710558,,2091,19372,61057,17393,46,350,652,78,142291,372,292,10213,27606,,,
2020-05-17,,,0.404705417160933,,2047,19302,61204,17447,24,152,159,54,142411,120,140,10642,28089,,,
2020-05-18,,,0.387109529458284,,1958,18956,61719,17570,38,375,548,123,142903,492,1124,10650,28220,,,
2020-05-19,2.1663400827346,8.30216853923628,0.366548042704626,,1854,18409,62554,17695,69,506,882,140,143427,524,1056,10308,28003,5572,,
2020-05-20,2.11668156333794,8.53907535864377,0.346777382364571,,1754,17882,63345,17793,43,432,823,102,143845,418,1060,10320,28113,5731,,
2020-05-21,2.06615044433795,7.32325168168455,0.337682878608145,,1708,17527,63849,17851,28,271,530,58,144163,318,197,10345,28196,4915,,
2020-05-22,1.95286671351994,6.99694606250064,0.328983788058521,,1664,17327,64200,17925,36,263,373,75,144556,393,827,10345,28270,4696,,
2020-05-23,1.92327487884315,6.9596965625938,0.321866350336101,,1628,17122,64538,17968,30,233,361,47,144806,250,267,10345,28313,4671,,
2020-05-24,1.91967056135261,6.9596965625938,0.319889284302096,,1618,17129,64608,18003,24,121,80,36,144921,115,140,10345,28348,4671,,
2020-05-25,1.75243199256943,6.35327470411046,0.31079478054567,,1572,16742,65190,18093,45,342,609,93,145279,358,717,10320,28413,4264,,
2020-05-26,1.63205476759802,5.93906026514641,0.300316330565441,,1519,16209,65870,18175,37,318,718,92,145555,276,778,10335,28510,3986,,
2020-05-27,1.54049592345529,5.45034682636868,0.290035587188612,,1467,15627,66575,18240,32,271,736,67,145746,191,732,10336,28576,3658,,
2020-05-28,1.50995170361542,6.11636788470296,0.275800711743772,,1395,15155,67182,18306,36,253,621,69,149071,3325,644,10336,28642,4105,,
2020-05-29,1.43056499010603,5.77367248556004,0.262554369315935,,1328,14643,67794,18367,29,255,656,63,149668,597,597,10327,28694,3875,,
2020-05-30,1.46136023998619,5.93012038516877,0.255634638196916,,1293,14329,68259,18424,29,227,486,57,151496,1828,372,10327,28751,3980,,
2020-05-31,1.47146390200956,6.0016394249899,0.254448398576512,,1287,14271,68346,18455,18,72,93,35,151753,257,188,10327,28782,4028,,
2020-06-01,1.50122483069783,5.1955602470059,0.251087386318703,0.838484095865081,1270,14237,68431,18486,9,89,95,31,152091,338,176,10327,28813,3487,,
2020-06-02,1.52038031516859,5.14639090712888,0.241399762752076,0.833069414201472,1221,13978,68803,18570,33,229,402,85,151325,-766,745,10350,28920,3454,,
2020-06-03,1.50805017670038,5.06742196732638,0.233096085409253,0.833318934225754,1179,13465,69446,18651,26,250,668,85,151677,352,679,10350,29001,3401,,
2020-06-04,1.52256661228929,5.04805222737482,0.224001581652827,0.838173840811601,1133,13054,69967,18695,23,195,544,46,152444,767,631,10350,29045,3388,,
2020-06-05,1.52718998862344,5.00037286749407,0.21055753262159,0.847288641421064,1065,12650,70494,18741,19,213,548,47,153055,611,565,10350,29091,3356,,
2020-06-06,1.4970114522973,4.88862436777355,0.20363780150257,0.859738316751604,1030,12433,70796,18772,15,143,309,35,153634,579,297,10350,29122,3281,,
2020-06-07,1.48073803173206,4.81412536795987,0.202451561882167,0.87344123631976,1024,12415,70832,18785,4,37,39,13,153977,343,138,10350,29135,3231,,
2020-06-08,1.43136828366326,5.39223760651401,0.196718070383551,0.885478637948591,995,12269,71052,18839,23,145,245,55,154188,211,564,10350,29189,3619,,
2020-06-09,1.39432089986424,5.14192096714006,0.183076314748913,0.893654761006176,926,11915,71496,18892,15,169,463,53,154591,403,577,10384,29276,3451,,
2020-06-10,1.37158541796785,4.97355322756114,0.1787267694741,0.897031465273728,904,11632,71822,18915,23,130,337,34,155136,545,566,10384,29299,3338,,
2020-06-11,1.38525799546975,4.96610332757978,0.172993277975484,0.895866340113908,875,11420,72139,18942,26,143,322,28,155561,425,626,10384,29326,3333,,
2020-06-12,1.41861518333389,5.04060232739345,0.168248319493871,0.891177928873293,851,11079,72562,18970,18,136,440,33,156287,726,615,10384,29354,3383,,
2020-06-13,1.38792009479709,4.92140392769157,0.166666666666667,0.884550581593089,843,10864,72798,18994,14,68,247,24,156813,526,217,10384,29378,3303,,
2020-06-14,1.39160732966625,4.91544400770647,0.166271253459866,0.877687253082406,841,10836,72849,19003,6,33,51,9,157220,407,134,10384,29387,3299,,
2020-06-15,1.3750143407707,4.82157526794124,0.161724001581653,0.871160631479671,818,10707,73034,19032,12,114,198,30,157372,152,501,10384,29416,3236,,
2020-06-16,1.37841030737015,4.81561534795615,0.156583629893238,0.865387708826333,792,10490,73325,19070,14,143,317,42,157716,344,573,10457,29527,3232,,
2020-06-17,1.45817934794219,5.08530172728166,0.147093712930012,0.861247120530438,744,10222,73657,19098,14,116,345,30,158174,458,747,10457,29555,3413,,
2020-06-18,1.44259401282782,5.01676264745308,0.143139580862001,0.860380048930191,724,10080,73877,19126,15,136,236,29,158641,467,580,10457,29583,3367,,
2020-06-19,1.46971793507185,5.14341094713633,0.138196915776987,0.863483301183175,699,9925,74107,19140,10,116,246,14,159452,811,700,10457,29597,3452,,
2020-06-20,1.51000282125457,5.34306826663699,0.13582443653618,0.869729283177869,687,9792,74302,19156,7,90,206,19,160093,641,351,10457,29613,3586,,
2020-06-21,1.50233673413486,5.31177868671524,0.13582443653618,0.877238621533413,687,9778,74362,19163,5,48,60,7,160377,284,113,10457,29620,3565,,
2020-06-22,1.51706386482986,5.46226666633887,0.133056544088573,0.884935511112121,673,9648,74602,19186,16,142,242,23,160750,373,602,10457,29643,3666,,
2020-06-23,1.51966578687436,5.59338490601094,0.129300118623962,0.893024313732832,654,9446,74861,19212,15,117,286,26,161267,517,661,10488,29700,3754,,
2020-06-24,1.45728364546693,5.48163640629043,0.124555160142349,0.902315046197595,630,9254,75117,19223,8,97,272,13,161348,81,672,10488,29711,3679,,
2020-06-25,1.41937918374887,5.38031776654383,0.123171213918545,0.913208991730742,623,9096,75341,19244,15,124,239,21,161348,0,512,10488,29732,3611,,
2020-06-26,1.34413261081391,5.20003018699472,0.119810201660735,0.925571783374708,606,8841,75639,19270,15,87,309,26,162936,1588,579,10488,29758,3490,,
2020-06-27,1.32440243860645,5.18215042703944,0.117437722419929,0.939367346990773,594,8715,75803,19285,9,55,167,15,162936,0,339,10488,29773,3478,,
2020-06-28,1.35399957628401,5.33263840666307,0.117437722419929,0.954773090157193,594,8727,75833,19287,4,44,30,2,162936,0,214,10488,29775,3579,,
2020-06-29,1.31741709793173,5.44289692638731,0.116844602609727,0.971941027519285,591,8643,75989,19305,15,102,161,18,164260,1324,676,10488,29793,3653,,
2020-06-30,1.2896202900259,5.54272558613764,0.113483590351918,0.990257276858109,574,8491,76264,19326,8,152,282,21,164801,541,728,10497,29823,3720,,
2020-07-01,1.22732106012273,5.48610634627925,0.109529458283907,1.00867494681845,554,8291,76539,19344,17,106,278,19,165719,918,634,10497,29841,3682,,
2020-07-02,1.19436430174283,5.60679472597741,0.107750098853302,1.02593371363154,545,8103,76792,19358,12,93,254,16,166378,659,593,10497,29855,3763,,
2020-07-03,1.19811737468204,5.86009132534391,0.105377619612495,1.04087107848004,533,7946,77049,19376,12,125,267,18,166960,582,749,10497,29873,3933,,
2020-07-04,1.1862292815604,5.88095104529174,0.102214313958086,1.05339217789352,517,7863,77160,19388,4,47,118,13,167711,751,353,10497,29885,3947,,
2020-07-05,1.15189314659612,5.71556326570538,0.103005140371688,1.06465082540778,521,7863,77179,19390,5,21,20,2,168159,448,103,10497,29887,3836,,
2020-07-06,1.13616867712222,5.72301316568674,0.103005140371688,1.07648580497886,521,7806,77308,19403,10,98,130,13,168335,176,681,10497,29900,3841,,
2020-07-07,1.06881609402101,5.49057628626807,0.101028074337683,1.08970129846356,511,7550,77644,19437,21,127,337,35,168810,475,572,10476,29913,3685,,
2020-07-08,1.06522405165273,5.59487488600722,0.0994464215104784,1.10367556001523,503,7254,77985,19469,18,83,345,34,169473,663,704,10476,29945,3755,,
2020-07-09,1.05629766304378,5.76622258557868,0.096085409252669,1.11715297791692,486,7134,78159,19483,8,79,180,15,170094,621,708,10476,29959,3870,,
2020-07-10,1.04877585679476,5.92565044517995,0.0931198102016607,1.1304443853734,471,7020,78377,19508,9,136,221,25,170752,658,856,10476,29984,3977,,
2020-07-11,1.03887215629318,5.92565044517995,0.0929221035982602,1.14443676054185,470,6995,78454,19514,7,57,83,6,171504,752,353,10476,29990,3977,,
2020-07-12,1.04256464109758,5.94651016512778,0.0935152234084618,1.15970917166299,473,6991,78486,19515,5,26,32,1,172089,585,117,10476,29991,3991,,
2020-07-13,1.05897398310696,6.24301618438622,0.0923289837880585,1.17573195706841,467,6941,78586,19533,10,68,100,18,172377,288,880,10476,30009,4190,,
2020-07-14,1.10988796000783,5.6634139658358,0.0919335705812574,1.19281036490518,465,6907,78670,19539,7,61,84,6,172888,511,183,10476,30015,3801,,
2020-07-15,1.10681383139489,5.89287088526193,0.090351917754053,1.21256535262747,457,6873,78809,19559,16,133,140,20,173304,416,858,10541,30100,3955,,
2020-07-16,1.13302672334035,6.29516548425579,0.0901542111506524,1.23716595988928,456,6754,79025,19577,23,119,218,18,173838,534,978,10541,30118,4225,,
2020-07-17,1.11063253753384,6.45459334385706,0.0893633847370502,1.26699839602431,452,6646,79233,19591,17,119,213,14,174674,836,963,10541,30132,4332,,
2020-07-18,1.1116889381298,6.5931614835105,0.0889679715302491,1.30026620604924,450,6614,79322,19599,6,68,90,8,175639,965,446,10541,30140,4425,,
2020-07-19,1.12081376060414,6.70490998323102,0.088572558323448,1.33359456550412,448,6583,79384,19600,4,36,65,1,176404,765,192,10541,30141,4500,,
2020-07-20,1.1262149070516,6.93883684264597,0.0873863187030447,1.36367350965141,442,6547,79530,19616,18,137,148,16,176754,350,1037,10541,30157,4657,,
2020-07-21,1.13912952846904,8.30514849922882,0.085013839462238,1.38796949273336,430,6440,79723,19629,12,109,196,13,177338,584,1100,10516,30145,5574,,
2020-07-22,1.18240564342741,8.77598217805127,0.0830367734282325,1.40512260573307,420,6324,79946,19636,17,132,225,7,178336,998,1174,10516,30152,5890,,
2020-07-23,1.20811679192703,9.03672867739914,0.0812574139976275,1.41481513514902,411,5915,80461,19646,13,123,519,14,179398,1062,1153,10516,30162,6065,,
2020-07-24,1.26509727703627,9.50458239622904,0.0761170423092131,1.4174919659158,385,5678,80804,19656,16,126,345,13,180528,1130,1277,10516,30172,6379,,
2020-07-25,1.29351644841904,9.77575875555083,0.0727560300514037,1.41420602928634,368,5634,80915,19664,8,86,116,8,181636,1108,628,10516,30180,6561,,
2020-07-26,1.30102446114285,9.88303731528252,0.0725583234480032,1.4068051873555,367,5640,80947,19665,1,36,34,1,182565,929,264,10516,30181,6633,,
2020-07-27,1.35323754719197,10.4730693938069,0.073942269671807,1.39767326087348,374,5614,81071,19673,25,118,127,9,183079,514,1433,10516,30189,7029,,
2020-07-28,1.3666798984399,10.8753639928007,0.0713720838275998,1.38908360557205,361,5510,81300,19688,22,172,236,15,183804,725,1370,10515,30203,7299,,
2020-07-29,1.3753052917232,11.3268279316716,0.0703835508105971,1.38188812784505,356,5409,81489,19703,14,118,191,15,185196,1392,1477,10515,30218,7602,,
2020-07-30,1.40347984416304,11.9213299501848,0.0705812574139976,1.37556049766707,357,5334,81656,19719,14,116,174,16,186573,1377,1552,10515,30234,8001,,
2020-07-31,1.43211170539808,12.4592127288395,0.0686041913799921,1.36908403083906,347,5257,81870,19730,16,152,216,11,187919,1346,1638,10515,30245,8362,,
2020-08-01,1.44970650582993,12.7065494082209,0.0680110715697904,1.36276965822081,344,5177,82016,19736,11,77,149,6,189547,1628,794,10515,30251,8528,,
2020-08-02,1.44379232046288,12.6856896882731,0.068208778173191,1.35810781320936,345,5188,82029,19737,3,25,13,1,190739,1192,250,10515,30252,8514,,
2020-08-03,1.52033853583918,13.5647778860745,0.0711743772241993,1.35668397550059,360,5157,82155,19759,29,142,142,22,191295,556,2023,10515,30274,9104,,
2020-08-04,1.62185545055238,14.5243250036747,0.0719652036378015,1.35792258173232,364,5121,82307,19770,21,139,156,11,192334,1039,2014,10506,30276,9748,,
2020-08-05,1.70693881634899,15.2514352418562,0.0711743772241993,1.35974510166623,360,5107,82449,19779,15,137,144,9,194029,1695,1965,10506,30285,10236,,
2020-08-06,1.7958560732843,16.1647929795719,0.0723606168446026,1.36005862617775,366,5019,82659,19786,21,141,211,7,195633,1604,2165,10506,30292,10849,,
2020-08-07,1.89992475545523,17.1556296770938,0.0709766706207987,1.35948960460083,359,4970,82825,19798,20,136,168,12,197921,2288,2303,10506,30304,11514,,
2020-08-08,1.92765103385019,17.4729954163,0.0723606168446026,1.36024850521752,366,4981,82881,19800,12,73,59,2,200105,2184,1007,10506,30306,11727,,
2020-08-09,1.95695937314247,17.7575815955883,0.0727560300514037,1.36449418421075,368,4992,82886,19800,4,14,5,0,201990,1885,441,10506,30306,11918,,
2020-08-10,2.08310162317058,18.9763852325401,0.0735468564650059,1.37187498599919,372,5004,83036,19814,28,180,151,14,202775,785,2841,10506,30320,12736,,
2020-08-11,2.19765640099981,19.9910616100024,0.0725583234480032,1.38108087391806,367,4971,83226,19829,21,191,194,15,204172,1397,2695,10505,30334,13417,,
2020-08-12,2.33389614910389,21.378232986533,0.0701858442071965,1.3912158086857,355,4850,83461,19846,17,143,241,18,206696,2524,2896,10505,30351,14348,,
2020-08-13,2.51206850021638,23.4388753213794,0.0693950177935943,1.4033822020501,351,4824,83651,19863,25,201,203,17,209365,2669,3548,10505,30368,15731,,
2020-08-14,2.67377531761893,25.7945336954879,0.0680110715697904,1.4185969204293,344,4788,83836,19881,20,173,191,19,212211,2846,3884,10505,30386,17312,,
2020-08-15,2.72971140995389,25.441408436371,0.0697904310003954,1.43663746364012,353,4817,83880,19884,15,87,49,4,215521,3310,770,10505,30389,17075,,
2020-08-16,2.7486223567735,25.8109234754469,0.0697904310003954,1.45502485060192,353,4820,83909,19885,2,33,29,1,218536,3015,689,10505,30390,17323,,
2020-08-17,2.9279948608497,29.0665297673046,0.0713720838275998,1.47125154355864,361,4885,84053,19904,34,234,148,19,219029,493,5026,10505,30409,19508,,
2020-08-18,3.06120274626068,32.1075789396989,0.0705812574139976,1.48358127457624,357,4783,84297,19920,28,185,255,17,221267,2238,4736,10511,30431,21549,,
2020-08-19,3.18749516953737,35.0264497523988,0.0715697904310004,1.49104247899878,362,4781,84440,19937,31,162,161,17,225043,3776,4855,10511,30448,23508,,
2020-08-20,3.25776150418529,37.3970079264701,0.0727560300514037,1.49332808056602,368,4723,84615,19949,28,149,187,12,229814,4771,5139,10511,30460,25099,,
2020-08-21,3.28037401790426,39.2669328217934,0.0725583234480032,1.49062327200188,367,4720,84802,19972,37,210,189,23,234400,4586,5139,10511,30483,26354,,
2020-08-22,3.29167716648152,41.4557134363193,0.0727560300514037,1.48352740184408,368,4685,84923,19980,10,114,139,12,238002,3602,2239,10511,30491,27823,,
2020-08-23,3.32324393011976,41.928037095138,0.0733491498616054,1.47324443923229,371,4683,84946,19981,6,29,24,1,242899,4897,1006,10511,30492,28140,,
2020-08-24,3.42974994730035,44.8483978878342,0.0765124555160142,1.46138732234933,387,4664,85172,19996,43,233,232,15,244854,1955,6986,10511,30507,30100,,
2020-08-25,3.53934494227619,47.9311665001241,0.079280347963622,1.44960042601229,401,4578,85494,20016,49,265,334,22,248158,3304,6805,10506,30522,32169,,
2020-08-26,3.59774126571241,50.6548499333122,0.0737445630684065,1.43874811659318,373,4535,85731,20034,21,215,242,19,253587,5429,6683,10506,30540,33997,,
2020-08-27,3.67439683607394,54.0430644448383,0.0741399762752076,1.42804746428142,375,4517,85954,20046,32,225,225,15,259698,6111,7413,10506,30552,36271,,
2020-08-28,3.78223875979886,57.7486446955706,0.0753262158956109,1.41582785008278,381,4517,86147,20065,32,241,204,19,267077,7379,7626,10507,30572,38758,,
2020-08-29,3.80003882591957,58.9152990326528,0.0778964017398181,1.40172713175842,394,4512,86268,20071,28,135,127,6,272530,5453,3022,10507,30578,39541,,
2020-08-30,3.81476762674013,59.3786828114939,0.0782918149466192,1.38732468992093,396,4517,86280,20075,5,23,13,4,277943,5413,1317,10507,30582,39852,,
2020-08-31,3.94250154040324,63.1125726821555,0.0796757611704231,1.37496421972614,403,4564,86439,20104,45,254,163,29,281025,3082,9492,10507,30611,42358,,
2020-09-01,4.06904626231497,66.1789515144864,0.0826413602214314,1.36500279757142,418,4586,86682,20123,54,300,252,19,286007,4982,8863,10514,30637,44416,,
2020-09-02,4.23595224995656,69.7474536055616,0.0869909054962436,1.35595792136308,440,4614,86933,20148,57,317,258,26,293024,7017,9078,10514,30662,46811,,
2020-09-03,4.41491787911547,73.2623164167709,0.0905496243574535,1.34587013873304,458,4625,87176,20168,55,307,252,21,300181,7157,9772,10514,30682,49170,,
2020-09-04,4.56677579738829,76.9410770275704,0.0923289837880585,1.33482795308278,467,4653,87417,20186,46,292,247,19,309156,8975,10095,10476,30662,51639,,
2020-09-05,4.62229859113399,78.4787363837247,0.0941083432186635,1.3239797761949,476,4667,87549,20198,23,168,137,12,317706,8550,4054,10476,30674,52671,,
2020-09-06,4.63391249198456,78.7096832831471,0.0948991696322657,1.31431212111607,480,4697,87578,20201,8,66,29,3,324777,7071,1472,10476,30677,52826,,
2020-09-07,4.78799939035994,82.8503376927913,0.104982206405694,1.30499901798878,531,4889,87806,20226,83,448,236,25,328980,4203,12271,10476,30702,55605,,
2020-09-08,4.8473113924723,87.0252616423498,0.112297350731514,1.29508763576309,568,4942,88196,20265,86,490,402,39,335524,6544,11665,10475,30740,58407,,
2020-09-09,4.86671928591825,90.4015563139057,0.117240015816528,1.28409264643032,593,4985,88494,20295,71,386,304,30,344101,8577,11344,10475,30770,60673,,
2020-09-10,4.86020784910985,93.8121205253759,0.120205614867537,1.27196614291563,608,5077,88712,20314,54,352,229,19,353944,9843,12061,10475,30789,62962,,
2020-09-11,4.79003467317324,95.5911566409265,0.124159746935548,1.25911649767178,628,5136,89029,20354,64,447,332,40,363350,9406,11289,10515,30869,64156,,
2020-09-12,4.78772210948235,96.2482378192832,0.129497825227363,1.24630206591969,655,5176,89201,20371,51,243,180,17,373911,10561,4495,10515,30886,64597,,
2020-09-13,4.79299151872408,96.3868059589366,0.130881771451166,1.2343134977679,662,5228,89240,20377,18,98,40,6,381094,7183,1565,10515,30892,64690,,
2020-09-14,4.87229434873927,100.06407658974,0.13938315539739,1.22317852929399,705,5479,89477,20411,104,545,247,34,387252,6158,14739,10515,30926,67158,,
2020-09-15,4.92282480331806,102.85480912276,0.148675365757216,1.21212083795532,752,5660,89861,20447,117,642,397,37,395104,7852,13538,10528,30975,69031,,
2020-09-16,5.03693278756532,106.012076734864,0.157374456306841,1.2001962831677,796,5800,90305,20493,100,649,450,46,404888,9784,13463,10528,31021,71150,,
2020-09-17,5.17899730789414,108.521203048588,0.156781336496639,1.18763434688907,793,5825,90810,20543,81,599,514,50,415481,10593,13745,10528,31071,72834,,
2020-09-18,5.37854189035933,111.507122961121,0.162119414788454,1.17445322316979,820,5800,91544,20665,100,850,754,123,428696,13215,13293,10560,31225,74838,,
2020-09-19,5.45719166332607,112.573948638453,0.163503361012258,1.15989238865371,827,5493,92289,20690,73,470,753,26,442194,13498,5211,10560,31250,75554,,
2020-09-20,5.4717517836077,112.925583917573,0.164887307236062,1.14250917787403,834,5356,92552,20701,24,139,266,12,452763,10569,1801,10560,31261,75790,,
2020-09-21,5.67851553767047,114.293385554152,0.180308422301305,1.12210410203113,912,5597,92978,20754,143,754,440,53,458061,5298,15657,10560,31314,76708,,
2020-09-22,5.93499182969574,115.322961731577,0.186635033610123,1.09999358508658,944,5777,93508,20821,130,783,538,68,468069,10008,14229,10571,31392,77399,,
2020-09-23,6.10906948847231,114.655450693247,0.196718070383551,1.07817292266432,995,5913,93952,20864,124,649,459,43,481141,13072,13015,10571,31435,76951,,
2020-09-24,6.2266917256241,113.143120997029,0.205812574139976,1.05766514269311,1041,6012,94383,20916,124,613,456,53,497237,16096,12730,10571,31487,75936,,
2020-09-25,6.31957656964741,111.650161040763,0.215895610913405,1.03854830832914,1092,6110,94860,20971,129,661,496,56,513034,15797,12291,10666,31637,74934,,
2020-09-26,6.33379793309763,111.042249202283,0.218465796757612,1.02145728606506,1105,6154,95272,21010,89,503,422,41,527446,14412,4803,10666,31676,74526,,
2020-09-27,6.33208387411535,110.420927543837,0.219849742981416,1.00839888798533,1112,6235,95395,21037,47,241,126,27,538569,11123,1384,10666,31703,74109,,
2020-09-28,6.31382213935134,107.566125870977,0.228944246737841,1.00229785959404,1158,6397,95743,21118,137,619,356,81,542639,4070,13741,10666,31784,72193,,
2020-09-29,6.31914255198305,105.432474516313,0.236852510873863,1.00501561777047,1198,6482,96296,21177,165,698,565,59,550690,8051,12797,10692,31869,70761,,
2020-09-30,6.43750588644415,105.915228035106,0.243574535389482,1.01701885387635,1232,6572,96766,21240,135,650,482,64,563535,12845,13339,10692,31932,71085,,
2020-10-01,6.66838409804706,108.762579807985,0.248912613681297,1.03784297051994,1259,6634,97240,21303,142,626,485,63,577505,13970,14641,10692,31995,72996,,
2020-10-02,7.04268945977477,114.591381553407,0.251087386318703,1.06726836994063,1270,6740,97747,21350,120,721,527,48,589653,12148,16203,10781,32131,76908,,
2020-10-03,7.22969524642753,118.200113104382,0.254843811783314,1.10444872587636,1289,6740,98199,21393,103,532,463,49,606625,16972,7225,10781,32174,79330,,
2020-10-04,7.2730631402889,119.086651202164,0.263938315539739,1.14756520444991,1335,6964,98343,21425,91,418,148,32,619190,12565,1979,10781,32206,79925,,
2020-10-05,7.87923635281413,130.569927033445,0.27856860419138,1.19391529909309,1409,7276,98649,21494,152,710,316,70,624274,5084,21448,10781,32275,87632,,
2020-10-06,8.37714158057201,140.797149727866,0.280150257018584,1.24012119980956,1417,7377,99264,21556,168,829,636,65,634763,10489,19661,10785,32341,94496,,
2020-10-07,8.85851537876318,151.805121940335,0.277975484381178,1.2824777698868,1406,7514,99762,21636,143,789,545,80,653509,18746,20727,10785,32421,101884,,
2020-10-08,9.25721522957951,163.575963910897,0.280347963621985,1.31774004805263,1418,7603,100275,21712,114,711,524,77,671638,18129,22541,10785,32497,109784,,
2020-10-09,9.53524030575528,175.308066401555,0.284499802293397,1.34485752923659,1439,7843,100797,21774,150,848,534,62,691977,20339,24077,10832,32606,117658,,
2020-10-10,9.68027409394031,181.399104626321,0.287860814551206,1.36504171386381,1456,7976,101280,21828,110,694,495,54,718873,26896,11313,10832,32660,121746,,
2020-10-11,9.72847994330083,183.251149761689,0.293198892843021,1.38048526631458,1483,8231,101460,21874,73,503,184,46,734974,16101,3222,10832,32706,122989,,
2020-10-12,10.1251790307078,198.553244323418,0.304270462633452,1.39186345299822,1539,8671,101868,21969,171,976,417,96,743479,8505,31718,10832,32801,133259,,
2020-10-13,10.3796220933416,211.86323563013,0.322854883353104,1.39938367887909,1633,8928,102649,22053,226,1168,802,87,756472,12993,28594,10856,32909,142192,,
2020-10-14,10.4891302451061,223.90227400002,0.328983788058521,1.4038060497898,1664,9173,103382,22157,193,1133,755,104,779063,22591,28807,10856,33013,150272,,
2020-10-15,10.6446630766914,238.039204204664,0.344207196520364,1.40767390283367,1741,9584,104051,22245,219,1207,687,88,809684,30621,32029,10856,33101,159760,,
2020-10-16,10.829061113794,252.25510334911,0.354092526690391,1.41321736519198,1791,10021,104665,22367,212,1225,637,122,834770,25086,33618,10912,33279,169301,,
2020-10-17,10.8970497048699,258.182243774286,0.369315935152234,1.42136480528964,1868,10399,105163,22456,175,986,506,90,867197,32427,15291,10912,33368,173279,,
2020-10-18,10.9369269916129,260.394864068752,0.383353103993673,1.43111574958496,1939,10897,105400,22541,147,835,245,85,897034,29837,4707,10912,33453,174764,,
2020-10-19,11.4435155214665,280.610912658192,0.413206801107157,1.44145960001813,2090,11640,105904,22687,269,1424,517,146,910277,13243,45286,10912,33599,188332,,
2020-10-20,12.1012612595519,304.098957319449,0.4286279161724,1.45189952632986,2168,12435,106808,22849,278,1943,923,163,930745,20468,44358,11012,33861,204096,,
2020-10-21,12.804866445503,330.860488032518,0.442665085013839,1.46184489672507,2239,13162,107621,23012,284,1754,825,166,957421,26676,46768,11012,34024,222057,,
2020-10-22,13.4886184468468,359.335495741302,0.456702253855279,1.46934323740846,2310,14009,108568,23174,262,1998,974,165,999043,41622,51140,11012,34186,241168,,
2020-10-23,14.1898663471735,391.758950440211,0.480822459470146,1.47148800949007,2432,14985,109455,23358,299,2091,908,184,1041075,42032,55379,11126,34484,262929,,
2020-10-24,14.5185720550605,406.462073043438,0.492487149070779,1.46589609120228,2491,15637,110291,23495,233,1667,845,138,1086497,45422,25159,11126,34621,272797,,
2020-10-25,14.6058066640822,410.364330653679,0.509094503756426,1.4518668520734,2575,16454,110629,23611,191,1298,344,116,1138507,52010,7326,11126,34737,275416,,
2020-10-26,15.3205807062094,445.331181206227,0.545867931988928,1.43014782942633,2761,17761,111316,23868,357,2314,712,258,1165278,26771,68754,11126,34994,298884,,
2020-10-27,15.7179147217351,470.912647762247,0.57512850929221,1.40220046627379,2909,18955,112685,24156,431,2988,1407,292,1198695,33417,61527,11361,35517,316053,,
2020-10-28,15.8781292753237,486.095543924275,0.600237247924081,1.36922176847717,3036,20184,113946,24400,372,2821,1304,244,1235132,36437,56958,11361,35761,326243,,
2020-10-29,15.8837636111889,493.631862745427,0.622182680901542,1.33192102705289,3147,21160,115256,24635,395,2607,1364,250,1282769,47637,56198,11361,35996,331301,,
2020-10-30,15.8276009239991,498.404268673491,0.665875840253064,1.29078578766216,3368,22153,116502,24890,422,2563,1293,256,1331984,49215,58582,11651,36541,334504,,
2020-10-31,15.7802462948345,500.096885949258,0.680703835508106,1.24689989907929,3443,23013,117563,25113,339,2274,1125,224,1367625,35641,26295,11651,36764,335640,,
2020-11-01,15.7643217767363,499.569433030577,0.705614867536576,1.20193952869425,3569,24008,118196,25344,289,1883,651,231,1413915,46290,6972,11651,36995,335286,,
2020-11-02,15.7372131870269,501.551106425621,0.73566627125346,1.15756698342019,3721,25120,119073,25760,430,2547,924,418,1466433,52518,70084,11651,37411,336616,,
2020-11-03,15.5942053870043,497.981114354549,0.764926848556742,1.11398360257519,3869,26242,120683,26186,469,3311,1667,430,1502763,36330,59131,12079,38265,334220,,
2020-11-04,15.3746166348203,487.822430739956,0.806642941874259,1.07033847665999,4080,27511,122631,26571,540,3681,1995,394,1543321,40558,50140,12079,38650,327402,,
2020-11-05,14.9974804172561,474.043095734418,0.834519572953737,1.0255451956028,4221,28403,124247,26934,447,2989,1688,367,1601367,58046,46950,12079,39013,318154,,
2020-11-06,14.5079847597237,453.827047144979,0.854290233293792,0.9798490167618,4321,28955,126298,27332,434,3140,2100,405,1661853,60486,45014,12509,39841,304586,,
2020-11-07,14.2564198814199,441.387204156091,0.871886120996441,0.934074808314219,4410,29396,127907,27636,394,2458,1663,306,1748705,86852,17946,12509,40145,296237,,
2020-11-08,14.2033848953242,437.535605865723,0.895017793594306,0.888981197102415,4527,30217,128583,27906,323,1814,693,271,1787324,38619,4387,12509,40415,293652,,
2020-11-09,13.4709124846399,404.104924689334,0.924673784104389,0.844486902367605,4677,31098,129704,28454,484,2670,1162,551,1807479,20155,47647,12509,40963,271215,,
2020-11-10,12.6379317767968,371.757458970235,0.936338473705022,0.800934303276774,4736,31477,131889,28920,472,3168,2251,472,1829659,22180,37421,13263,42183,249505,,
2020-11-11,12.1207044546396,305.071914257015,0.946816923685251,0.759666444272018,4789,31918,133665,29248,351,2588,1826,329,1865538,35879,5384,13263,42511,204749,,
2020-11-12,11.6069738120707,289.559732515811,0.965599051008304,0.723010909067744,4884,32654,134923,29673,386,2371,1255,418,1898710,33172,36539,13263,42936,194338,,
2020-11-13,11.0668835280533,265.62171389568,0.966192170818505,0.692600678864657,4887,32676,137124,30129,473,2841,2266,467,1922504,23794,28948,13739,43868,178272,,
2020-11-14,10.8276390331951,255.269332881571,0.959865559509688,0.668788730748098,4855,32468,139110,30483,327,2202,2026,359,1954599,32095,10998,13739,44222,171324,,
2020-11-15,10.77551518185,252.766166487832,0.964808224594702,0.650579006882877,4880,33050,139779,30785,270,1574,685,302,1981827,27228,2707,13739,44524,169644,,
2020-11-16,10.2085129674927,227.034211952187,0.969355476472914,0.636788422449443,4903,33466,140849,31291,366,2065,1117,508,1991233,9406,30377,13739,45030,152374,,
2020-11-17,9.73706805104861,203.783074110339,0.956504547251878,0.626457983093867,4838,33139,143121,31719,382,2513,2326,437,2036755,45522,21816,14530,46249,136769,,
2020-11-18,9.56157576887352,221.6315444857,0.940885725583234,0.619020518134095,4759,32811,145360,32144,361,2435,2294,427,2065138,28383,17363,14530,46674,148748,,
2020-11-19,8.96300427795378,192.268508699136,0.916765519968367,0.613977953606322,4637,32314,147538,32573,311,2221,2230,436,2086288,21150,16832,14530,47103,129041,,
2020-11-20,8.42201045883355,173.348742706455,0.902728351126928,0.610740370045637,4566,31875,149490,32954,264,1968,1970,386,2109170,22882,16250,15287,48241,116343,,
2020-11-21,8.19593027360282,167.789627340358,0.888295769078687,0.608670185854581,4493,31365,151146,33207,220,1515,1687,276,2127051,17881,7267,15287,48494,112612,,
2020-11-22,8.1432778476986,166.491854763604,0.887900355871886,0.607508129765502,4491,31522,151650,33421,171,906,513,215,2140208,13157,1836,15287,48708,111741,,
2020-11-23,7.54980384630324,147.700227050602,0.877421905891657,0.607595963057868,4438,31449,152561,33921,244,1380,960,501,2144660,4452,17765,15287,49208,99129,,
2020-11-24,7.17489672538921,135.682048400659,0.845591142744168,0.609833391649347,4277,30594,154648,34374,270,1786,2135,457,2153815,9155,13750,15838,50212,91063,,
2020-11-25,6.90750494667671,128.632953038289,0.81771451166469,0.615001804827395,4136,29944,156521,34755,258,1677,1929,384,2170097,16282,12632,15838,50593,86332,,
2020-11-26,6.70518095667796,122.229019014305,0.792012653222618,0.623451823791093,4006,29282,158205,35094,192,1460,1729,340,2183660,13563,12534,15838,50932,82034,,
2020-11-27,6.5237128529207,116.58944472841,0.765322261763543,0.635102971678759,3871,28620,159884,35487,206,1471,1720,396,2196119,12459,12465,16402,51889,78249,,
2020-11-28,6.44986077901818,114.828288372814,0.744365361803084,0.649963665112694,3765,28139,161106,35700,122,976,1237,213,2208699,12580,6085,16402,52102,77067,,
2020-11-29,6.43594169977276,114.487082953668,0.740213523131673,0.668315281677388,3744,28284,161396,35898,102,652,306,198,2218483,9784,1607,16402,52300,76838,,
2020-11-30,6.40150052784962,111.671020760711,0.73922499011467,0.690534519410164,3739,28229,162250,36304,196,1257,888,408,2222488,4005,15875,16402,52706,74948,,
2020-12-01,6.3698021884429,109.65209786576,0.71055753262159,0.716243999712341,3594,27611,163998,36667,234,1572,1768,365,2230571,8083,12395,16814,53481,73593,,
2020-12-02,6.34994340264028,107.990770169915,0.687623566627125,0.744405284143242,3478,26986,165532,36976,161,1253,1549,312,2244635,14064,11517,16814,53790,72478,,
2020-12-03,6.34244608881169,107.238330271797,0.67516805061289,0.773713937810027,3415,26675,166909,37300,184,1450,1403,326,2257331,12696,12029,16814,54114,71973,,
2020-12-04,6.3417960415466,107.394778171406,0.649070778964017,0.803758231322346,3283,26283,168321,37582,165,1400,1434,284,2268552,11221,12570,17159,54741,72078,,
2020-12-05,6.34728066776468,108.123378389583,0.636615262949783,0.834694504834166,3220,26040,169327,37796,125,1019,1041,216,2281475,12923,6574,17159,54955,72567,,
2020-12-06,6.34682894215444,108.345385409028,0.634638196915777,0.866712505523785,3210,26262,169555,37970,101,627,236,175,2292497,11022,1756,17159,55129,72716,,
2020-12-07,6.35751676408083,109.605908485876,0.630288651640965,0.898912848524381,3188,26333,170254,38336,203,1206,706,366,2295908,3411,16721,17159,55495,73562,,
2020-12-08,6.29781298193878,110.860471642738,0.608540925266904,0.930089551323897,3078,25882,171837,38713,214,1597,1620,380,2309621,13713,13237,17613,56326,74404,,
2020-12-09,6.26629690421998,112.684207158177,0.599248714907078,0.959453503236422,3031,25526,173216,39009,170,1380,1423,296,2324216,14595,12741,17613,56622,75628,,
2020-12-10,6.25130102129666,114.995166132397,0.583036773428232,0.987582503627426,2949,25199,174627,39301,191,1445,1438,297,2337966,13750,13580,17613,56914,77179,,
2020-12-11,6.18527368189392,117.252485826752,0.568208778173191,1.01521822722701,2874,24943,175860,39605,180,1340,1241,306,2351372,13406,14085,17936,57541,78694,,
2020-12-12,6.14686776243928,119.149230362008,0.563661526294978,1.04248902583677,2851,24948,176712,39799,127,1097,875,199,2365319,13947,7847,17936,57735,79967,,
2020-12-13,6.13265617250789,119.573874660946,0.565638592328984,1.06820333169258,2861,25207,176964,39949,89,669,266,150,2376852,11533,2041,17936,57885,80252,,
2020-12-14,6.07165636005657,123.967825669956,0.572558323448003,1.09114905836141,2896,25449,177616,40320,210,1324,693,372,2379915,3063,19676,17936,58256,83201,,
2020-12-15,5.89649057308195,128.016101319832,0.567615658362989,1.11060831558491,2871,25207,179056,40627,211,1562,1476,314,2391447,11532,15959,18419,59046,85918,,
2020-12-16,5.58258347404028,131.974978169931,0.561486753657572,1.1262159406415,2840,25282,180280,40916,220,1664,1263,292,2409062,17615,15400,18419,59335,88575,,
2020-12-17,5.16417525582896,135.473451201181,0.553183076314749,1.13727243143369,2798,25149,181475,41174,151,1364,1233,261,2427316,18254,15930,18419,59593,90923,,
2020-12-18,4.68236850344318,140.609412248336,0.54646105179913,1.14261681810338,2764,24945,182634,41429,176,1285,1188,264,2442990,15674,17539,18774,60203,94370,,
2020-12-19,4.38439342979032,144.875224977667,0.537366548042705,1.14092983182785,2718,24819,183540,41618,123,1004,916,190,2460555,17565,10704,18774,60392,97233,,
2020-12-20,4.29766767346385,147.302402391597,0.54270462633452,1.13158276808314,2745,24961,183775,41749,91,599,245,131,2473354,12799,3657,18774,60523,98862,,
2020-12-21,3.81443831068532,149.756399445459,0.541122973507315,1.11473479820577,2737,25201,184433,42100,179,1284,690,354,2479151,5797,21343,18774,60874,100509,,
2020-12-22,3.37501463014502,153.385990716382,0.537564254646105,1.09133296103248,2719,24932,186027,42481,256,1783,1621,386,2490946,11795,18408,19195,61676,102945,,
2020-12-23,3.04189442233919,155.610530850818,0.534005535784895,1.06357674793177,2701,24852,187241,42757,200,1426,1235,278,2505875,14929,16908,19195,61952,104438,,
2020-12-24,2.86183294807395,151.337268221505,0.522538552787663,1.03438215219528,2643,24607,188608,43047,187,1454,1390,292,2527509,21634,13068,19195,62242,101570,,
2020-12-25,2.74673138450248,127.148932962001,0.517200474495848,1.00695112312244,2616,24359,189414,43206,112,743,808,159,2547771,20262,1301,19195,62401,85336,,
2020-12-26,2.81791384271809,125.813910885339,0.521945432977461,0.984193487394317,2640,24444,189687,43352,101,513,289,146,2550864,3093,9767,19195,62547,84440,,
2020-12-27,2.83188711654766,123.559571150978,0.523922499011467,0.968839458646192,2650,24620,189910,43525,107,589,239,175,2559686,8822,2146,19195,62720,82927,,
2020-12-28,3.19253641008966,125.514424906088,0.532621589561091,0.96337688276485,2694,24645,190691,43888,229,1217,806,364,2562646,2960,22660,19195,63083,84239,,
2020-12-29,3.79074083955378,128.080170459672,0.527085804665876,0.968972446105418,2666,24743,191775,44272,251,1627,1138,388,2574041,11395,20134,19780,64052,85961,,
2020-12-30,4.56381612513461,132.480081388667,0.524317912218268,0.984442491730539,2652,24560,193014,44575,209,1404,1266,304,2600498,26457,19860,19780,64355,88914,,
2020-12-31,5.12729381499293,137.137758857018,0.518979833926453,1.00655880544586,2625,24407,194190,44826,177,1317,1188,252,2620425,19927,16215,19780,64606,92040,,
2021-01-01,5.15713989692869,137.575812975923,0.515816528272044,1.03223699284854,2609,24263,194870,44959,99,677,687,133,2639773,19348,1603,19780,64739,92334,,
2021-01-02,5.36375709928657,143.699630760607,0.520363780150257,1.05981471639478,2632,24458,195143,45115,101,646,285,157,2643239,3466,13876,19780,64895,96444,,
2021-01-03,5.41171599898501,144.903534597596,0.526888098062475,1.08867512857773,2665,24780,195355,45231,101,657,224,116,2655728,12489,2953,19780,65011,97252,,
2021-01-04,5.6991372984245,154.25017911422,0.525306445235271,1.1172106790975,2657,24962,196006,45609,246,1262,672,380,2659750,4022,28941,19780,65389,103525,,
2021-01-05,5.92989242018663,158.664989843179,0.517200474495848,1.14327995685751,2616,24871,197472,45954,245,1747,1474,346,2680239,20489,23089,20302,66256,106488,,
2021-01-06,6.23929105159981,159.621557000786,0.515421115065243,1.16464956183459,2607,24708,198725,46237,234,1438,1265,291,2705618,25379,20464,20302,66539,107130,,
2021-01-07,6.46610812257429,164.87820642764,0.508699090549624,1.17935034690777,2573,24488,200048,46513,181,1441,1362,277,2727321,21703,19745,20302,66815,110658,,
2021-01-08,6.42378269709457,193.104387477046,0.515223408461843,1.18646063478398,2606,24377,201255,46789,245,1445,1230,281,2747135,19814,20548,20616,67405,129602,,
2021-01-09,6.43252397948254,189.692333285579,0.514037168841439,1.18616592530344,2600,24240,202134,46957,143,944,885,171,2767312,20177,11580,20616,67573,127312,,
2021-01-10,6.43515336494216,189.304938486548,0.51799130090945,1.17946977184806,2620,24526,202398,47108,118,729,286,151,2783256,15944,2691,20616,67724,127052,,
2021-01-11,6.5080035005617,187.478223011117,0.527085804665876,1.16779856527823,2666,24812,203041,47418,208,1289,687,310,2786837,3581,27724,21003,68421,125826,,
2021-01-12,6.45535308994229,185.4056608363,0.529458283906682,1.15276827115901,2678,24703,204359,47773,258,1660,1362,362,2806590,19753,21708,21003,68776,124435,,
2021-01-13,6.4757206494128,186.082111754609,0.534005535784895,1.13636181152417,2701,24735,205641,48002,208,1588,1290,232,2830442,23852,20923,21003,69005,124889,,
2021-01-14,6.551221179029,188.253012609179,0.536971134835904,1.12147659206947,2716,24983,206771,48284,206,1691,1143,283,2851670,21228,21222,,,126346,,
2021-01-15,6.62535516616139,190.878357362613,0.539739027283511,1.10999245367074,2730,25009,208040,48564,249,1634,1303,288,2872941,21271,22343,,,128108,,
2021-01-16,6.6313787964438,192.26701871914,0.539936733886912,1.10217266068526,2731,24985,209025,48757,188,1199,1007,196,2894347,21406,12512,,,129040,,
2021-01-17,6.64134733082022,192.807881457787,0.546856465005931,1.09668966381644,2766,25235,209312,48898,136,698,291,141,2910989,16642,3015,,,129403,,
2021-01-18,6.84593063824025,197.347850506433,0.554171609331752,1.09249673735273,2803,25584,210169,49301,254,1666,882,404,2914725,3736,30765,,,132450,,
2021-01-19,6.97919415511505,200.97148185737,0.559311981020166,1.08934273702461,2829,25532,211785,49670,315,1995,1622,373,2938333,23608,24122,,,134882,,
2021-01-20,7.04539588947312,203.77860417035,0.561882166864373,1.08737700495086,2842,25650,213211,49980,292,1911,1461,316,2965117,26784,22809,,,136766,,
2021-01-21,7.0673177807522,206.749624282919,0.566627125345987,1.08598460288639,2866,25699,214507,50326,253,1759,1327,358,2987965,22848,23230,,,138760,,
2021-01-22,7.0482488873939,209.802593295284,0.573744563068406,1.0837836813055,2902,25872,215791,50645,270,1861,1308,323,3011257,23292,24403,21976,72621,140809,,
2021-01-23,7.08643448690837,211.449021191166,0.570581257413998,1.07975434116371,2886,25864,216694,50875,172,1174,928,231,3035181,23924,13619,21976,72851,141914,,
2021-01-24,7.09373387674131,211.413261671255,0.584223013048636,1.07410349443626,2955,26357,216934,51047,175,918,246,172,3053617,18436,2984,21976,73023,141890,,
2021-01-25,7.06964420256624,212.927081347469,0.599248714907078,1.06796968170498,3031,26888,217677,51492,299,1773,769,449,3057857,4240,31786,21976,73468,142906,,
2021-01-26,6.98728782855117,212.638025228192,0.6071569790431,1.06201993000336,3071,27005,219121,51842,343,2006,1486,352,3079943,22086,23900,22238,74080,142712,,
2021-01-27,6.90460274556534,212.381748668833,0.612297350731514,1.05614834179835,3097,27131,220539,52192,318,1933,1441,351,3106859,26916,22633,22238,74430,142540,,
2021-01-28,6.78212057818461,213.505193586024,0.613088177145117,1.0498509903564,3101,27128,221872,52536,272,1726,1362,348,3130629,23770,23993,22238,74774,143294,,
2021-01-29,6.68473128798301,214.221873964231,0.616844602609727,1.04321065125573,3120,27270,223143,52891,271,1823,1304,356,3153487,22858,24887,22703,75594,143775,,
2021-01-30,6.63861740474688,214.47815052359,0.613483590351918,1.03637426534653,3103,27242,224089,53133,192,1176,942,242,3177879,24392,13794,22703,75836,143947,,
2021-01-31,6.65399730146208,215.147151541917,0.622380387504943,1.02931814916087,3148,27573,224375,53328,148,816,298,195,3197114,19235,3414,22703,76031,144396,,
2021-02-01,6.66925907064624,215.422797841228,0.636219849742981,1.02187418773866,3218,27874,225288,53783,318,1750,939,456,3201461,4347,31995,22703,76486,144581,,
2021-02-02,6.62336637061044,216.258676619137,0.64650059311981,1.01383719964844,3270,28029,226865,54187,369,2189,1601,404,3224798,23337,24471,23025,77212,145142,,
2021-02-03,6.57224081726104,215.562855960877,0.645907473309609,1.00499866700114,3267,27953,228441,54544,275,1882,1592,358,3251160,26362,22168,23025,77569,144675,,
2021-02-04,6.49896188673789,212.953900987402,0.640569395017794,0.995236013673106,3240,27766,229944,54901,275,1752,1537,360,3274608,23448,22252,23025,77926,142924,,
2021-02-05,6.39114322453785,210.762140412884,0.639580862000791,0.984855976014012,3235,27572,231518,55194,255,1719,1590,296,3296747,22139,23429,23383,78577,141453,,179604
2021-02-06,6.33557998013084,209.710214535515,0.63562672993278,0.974655097254419,3215,27327,232662,55385,168,1126,1147,191,3317333,20586,13080,23383,78768,140747,,
2021-02-07,6.3139496088901,208.942874837434,0.644918940292606,0.965550014379486,3262,27652,232946,55556,160,790,291,171,3337048,19715,2885,23383,78939,140232,,
2021-02-08,6.22330583785262,203.468688331125,0.662910241202056,0.957514111820105,3353,27995,233962,56014,356,1893,1043,460,3341365,4317,28308,23383,79397,136558,,
2021-02-09,6.15617947757444,200.789704297825,0.658758402530645,0.95035614292701,3332,27634,235686,56450,334,1931,1764,439,3360235,18870,22669,23671,80121,134760,,182213
2021-02-10,6.10682312741413,199.077717282107,0.654211150652432,0.944306402678547,3309,27417,237082,56746,282,1525,1430,297,3385622,25387,21028,23671,80417,133611,,
2021-02-11,6.03501958184165,196.240795369202,0.657769869513642,0.940658413446412,3327,26963,238722,57106,269,1618,1673,371,3406685,21063,20335,23671,80777,131707,,
2021-02-12,5.98277445296471,193.472412536125,0.652036378015026,0.940534393186522,3298,26424,240259,57423,264,1405,1561,320,3427386,20701,21576,23999,81422,129849,,184192
2021-02-13,5.94836738703521,192.170170019382,0.651245551601424,0.944288530818041,3294,26196,241323,57622,191,1085,1089,199,3448617,21231,12189,23999,81621,128975,,
2021-02-14,5.94954961271491,192.17910989936,0.652234084618426,0.951198954636643,3299,26401,241597,57789,113,651,280,167,3465163,16546,2887,23999,81788,128981,,
2021-02-15,6.00049190838602,192.295328339069,0.666468960063266,0.960717471462924,3371,26478,242497,58201,306,1431,934,413,3469539,4376,28392,23999,82200,129059,,
2021-02-16,6.04929927265444,192.164210099397,0.659944642151048,0.972877559087027,3338,26195,244207,58552,323,1857,1740,352,3489129,19590,22587,24234,82786,128971,,186226
2021-02-17,6.13531362916401,194.324681093994,0.660340055357849,0.98797892693749,3340,25929,245706,58862,311,1559,1525,311,3514147,25018,22489,24234,83096,130421,,
2021-02-18,6.26469824913963,198.892959762569,0.669039145907473,1.00548202157323,3384,25717,247096,59133,262,1490,1411,272,3536648,22501,23407,24234,83367,133487,,
2021-02-19,6.42862593293582,204.61001300827,0.668248319493871,1.02381213552113,3380,25506,248457,59458,309,1543,1422,328,3560764,24116,25420,24480,83938,137324,,188270
2021-02-20,6.52285139972482,207.810490040266,0.666073546856465,1.04094686352406,3369,25269,249520,59641,195,1029,1076,183,3583135,22371,14328,24480,84121,139472,,
2021-02-21,6.54675182584138,208.624019118231,0.670620798734678,1.05530748439089,3392,25464,249727,59800,141,593,217,160,3605181,22046,3430,24480,84280,140018,,
2021-02-22,6.84915045024032,215.699934120534,0.673586397785686,1.06600242476061,3407,25831,250532,60133,274,1529,823,334,3609827,4646,33158,24480,84613,144767,,
2021-02-23,7.0573420073019,220.360591548878,0.679122182680902,1.07271805103807,3435,25660,252083,60443,345,1780,1575,314,3629891,20064,25729,24601,85044,147895,,189464
2021-02-24,7.16763813917768,223.052985402144,0.679319889284302,1.07532672758895,3436,25614,253450,60720,319,1636,1396,278,3661410,31519,24285,24601,85321,149702,,
2021-02-25,7.25258069209667,224.29413873904,0.678133649663899,1.07374102459064,3430,25317,254868,60981,301,1454,1444,261,3686813,25403,24240,24601,85582,150535,,
2021-02-26,7.2739979938809,223.772645740345,0.681099248714907,1.06804986426799,3445,25130,256326,61265,303,1634,1488,286,3712020,25207,25059,24856,86121,150185,,
2021-02-27,7.3087635555858,224.034882219689,0.682680901542111,1.0591640652389,3453,24989,257258,61450,208,1007,938,186,3736016,23996,14508,24856,86306,150361,,
2021-02-28,7.30272618458083,223.897804060032,0.690391459074733,1.04887448253007,3492,25280,257555,61572,164,728,297,122,3755968,19952,3318,24856,86428,150269,,
2021-03-01,7.29968157904662,222.056188784637,0.700672202451562,1.03936256405726,3544,25430,258384,61947,347,1393,857,379,3760671,4703,31915,24856,86803,149033,,
2021-03-02,7.27252532738601,220.484259888569,0.708975879794385,1.03184904050666,3586,25263,259893,62247,366,1705,1541,301,3783528,22857,24678,24973,87220,147978,,192376
2021-03-03,7.26761722166129,219.536632610939,0.719058916567813,1.02664213797184,3637,25111,261289,62569,322,1622,1413,326,3810316,26788,23675,24973,87542,147342,,
2021-03-04,7.22906091245667,218.894451232545,0.718268090154211,1.02370859113645,3633,24891,262690,62862,293,1538,1424,295,3835595,25279,23815,24973,87835,146911,,
2021-03-05,7.21686024453229,219.648381110659,0.727560300514037,1.02394690573119,3680,24765,263919,63100,324,1397,1255,239,3859102,23507,25580,25174,88274,147417,,193354
2021-03-06,7.24536412845517,221.393147686296,0.729339659944642,1.02857171509381,3689,24625,264909,63270,233,1097,998,173,3882408,23306,15682,25174,88444,148588,,
2021-03-07,7.25285839351196,221.820771945226,0.740015816528272,1.03839679716221,3743,24818,265295,63400,187,720,389,130,3904233,21825,3602,25174,88574,148875,,
2021-03-08,7.32706743984965,225.502512516018,0.760972716488731,1.05256383653903,3849,25195,266096,63759,381,1584,840,360,3909560,5327,34329,25174,88933,151346,,
2021-03-09,7.36763042749919,230.340477563918,0.774614472123369,1.0695512332495,3918,25201,267539,64057,421,1810,1471,299,3932862,23302,27920,25244,89301,154593,,193897
2021-03-10,7.4759439887925,237.102006787008,0.774614472123369,1.08794489659573,3918,24969,269019,64321,343,1574,1513,266,3963165,30303,28217,25311,89632,159131,,
2021-03-11,7.50879556109676,247.849232500129,0.78924476077501,1.10729430951446,3992,24858,270433,64586,385,1609,1414,266,3990331,27166,31028,25311,89897,166344,,
2021-03-12,7.52864797895915,257.86487803508,0.797350731514433,1.1269790409481,4033,24749,271678,64809,306,1448,1262,228,4015560,25229,32313,25311,90120,173066,,195035
2021-03-13,7.62737883872645,265.766241955319,0.804665875840253,1.14570187768903,4070,24671,272615,64978,263,1087,968,174,4045319,29759,20990,25311,90289,178369,,
2021-03-14,7.66059591785956,267.901383289979,0.815935152234085,1.16141627429375,4127,24989,272960,65118,188,821,351,140,4071662,26343,5039,25311,90429,179802,,
2021-03-15,7.93733812139488,283.555113130829,0.834124159746936,1.17284011666844,4219,25469,273771,65451,401,1676,824,333,4078133,6471,44844,25311,90762,190308,,
2021-03-16,8.01642011630443,294.662914003048,0.838078291814947,1.17994816283082,4239,25492,275360,65765,435,2005,1622,320,4108108,29975,35366,25405,91170,197763,,195847
2021-03-17,8.05945813333673,301.516821985906,0.834124159746936,1.1839561617133,4219,25314,276993,66006,357,1745,1638,246,4146609,38501,32812,25405,91411,202363,,
2021-03-18,8.00738914914267,306.588713893222,0.839462238038751,1.18614369041175,4246,25389,278263,66274,382,1661,1297,273,4181607,34998,34442,25405,91679,205767,,
2021-03-19,7.9706272856179,313.156545716796,0.847568208778173,1.18746254942897,4287,25339,279646,66559,383,1699,1426,297,4216695,35088,36741,25405,91964,210175,,
2021-03-20,7.94099843107218,316.060516729533,0.86061684460261,1.18855861220723,4353,25537,280571,66735,317,1348,955,185,4252022,35327,22945,25405,92140,212124,,
2021-03-21,7.94161350642443,316.780177067733,0.871095294582839,1.18990523047348,4406,25926,280955,66873,196,926,385,138,4282603,30581,5508,25405,92278,212607,,
2021-03-22,8.01395196285288,328.744716437809,0.899169632265718,1.19186027810719,4548,26488,281885,67216,471,1902,955,344,4298395,15792,52868,25405,92621,220637,,
2021-03-23,8.04695036943728,340.65561652802,0.916172400158165,1.1945244532757,4634,26756,283507,67503,488,2286,1669,292,4313073,14678,43339,25405,92908,228631,,
2021-03-24,8.13242340800685,354.329162953823,0.919533412415975,1.19714801526288,4651,26876,285199,67748,384,2130,1710,248,4378446,65373,41983,25405,93153,237808,,
2021-03-25,8.16363580947939,367.160870681731,0.931000395413207,1.19814682976108,4709,27036,286607,67973,408,1860,1432,228,4424087,45641,43063,25405,93378,246420,,
2021-03-26,8.20026947822929,379.861460169967,0.942269671807038,1.19559008885069,4766,27242,288062,68276,476,2048,1480,304,4465956,41869,45260,25999,94275,254944,,
2021-03-27,8.18926654943487,387.327749931293,0.947212336892052,1.18842715704858,4791,27259,289350,68466,332,1567,1299,194,4508575,42619,27940,25999,94465,259955,,
2021-03-28,8.1835288654335,387.554226890727,0.963226571767497,1.17695773094739,4872,27712,289752,68597,238,1017,404,131,4545589,37014,5654,25999,94596,260107,,
2021-03-29,8.17397644917823,397.52517302579,0.983392645314354,1.16226449974414,4974,28322,290810,68957,484,2099,1091,362,4554683,9094,59560,25999,94956,266799,,
2021-03-30,8.07606089180676,406.566371643177,1.00276789244761,1.14463485987915,5072,28510,292796,69293,569,2579,2011,337,4585385,30702,49407,26044,95337,272867,,
2021-03-31,7.9503405234424,411.045251511976,0.999011466982997,1.12348387023876,5053,28463,294638,69596,472,2209,1865,304,4644423,59038,44989,26044,95640,275873,,
2021-04-01,7.77933790267998,413.414319706051,1.01008303677343,1.0981112457791,5109,28581,296166,69904,480,2035,1561,313,4695082,50659,44653,26044,95948,277463,,
2021-04-02,7.66147142747828,411.742562150232,1.03875049426651,1.06969929010579,5254,28729,297734,70204,505,2092,1614,301,4741759,46677,44138,26076,96280,276341,,
2021-04-03,7.52192855084094,411.008002012069,1.04250691973112,1.040760902309,5273,28886,299075,70389,399,1730,1348,187,4755676,13917,27447,26076,96465,275848,,
2021-04-04,7.51010109128019,410.741295592736,1.05595096876236,1.01419473487855,5341,29356,299624,70574,270,1224,562,185,4822470,66794,5475,26076,96650,275669,,
2021-04-05,7.24459733626927,336.091807799434,1.07413997627521,0.991616162281174,5433,29907,300064,70771,284,1219,448,197,4833263,10793,9459,26076,96847,225568,,
2021-04-06,7.7350161685858,352.801933457642,1.11229735073151,0.974279512558717,5626,30639,301299,71180,632,2459,1273,409,4841308,8045,60622,26093,97273,236783,,
2021-04-07,7.96815043567324,352.500957498395,1.13266113088177,0.963647717635666,5729,30904,303639,71601,673,3131,2388,433,4854259,12951,44787,26093,97694,236581,,
2021-04-08,8.39158832477787,348.577840168207,1.12791617240016,0.961293124299605,5705,30555,305711,71944,498,2156,2116,345,4939258,84999,42020,26093,98037,233948,,
2021-04-09,8.82327843672668,346.643846133044,1.13819691577699,0.966869993203483,5757,30326,307674,72243,498,2120,1986,301,4980501,41243,42840,26124,98367,232650,,
2021-04-10,9.15237171631727,345.636619655563,1.14056939501779,0.977575194720335,5769,30238,309136,72450,388,1649,1481,210,5023785,43284,26771,26124,98574,231974,,
2021-04-11,9.18460558134749,345.766247915239,1.15421115065243,,5838,30671,309787,72626,286,1305,656,178,5058680,34895,5562,26124,98750,232061,,
2021-04-12,9.60147529520057,409.370513996164,1.16963226571767,,5916,31262,310934,73011,492,2172,1168,385,5067216,8536,52147,26124,99135,274749,,
2021-04-13,9.63191784332648,377.426832856056,1.17674970344009,,5952,31226,313051,73335,555,2501,2153,324,5106329,39113,39183,26145,99480,253310,,
2021-04-14,9.67674091149438,364.022972809579,1.16686437327007,,5902,30868,315152,73632,441,2072,2115,297,5149834,43505,35791,26145,99777,244314,,
2021-04-15,9.73856335034937,354.08629621443,1.17121391854488,,5924,30668,317036,73928,501,2062,1899,300,5187879,38045,35351,26145,100073,237645,,
2021-04-16,9.83240109419018,344.471455298477,1.16923685251087,,5914,30472,318923,74234,463,2044,1900,309,5224321,36442,36387,26170,100404,231192,,
2021-04-17,9.85188784430436,338.355087413774,1.16192170818505,,5877,30329,320275,74423,359,1471,1380,189,5260182,35861,22666,26170,100593,227087,,
2021-04-18,9.86047621182751,337.498348915917,1.16508501383946,,5893,30789,320757,74563,233,1111,488,140,5289526,29344,4987,26170,100733,226512,,
2021-04-19,,,1.1803084223013,,5970,31214,321889,75010,502,2066,1170,449,5296222,6696,,26170,101180,,,
2021-04-20,,,1.18307631474891,,5984,31086,323961,75384,601,2404,2074,375,5339320,43098,,26184,101568,,19.4,
2021-04-21,,,1.1781336496639,,5959,30954,325811,75697,476,2095,1886,316,5374288,34968,,26184,101881,,,
